mtllib tire.mtl
v -13.74118 8.999992 96.96593
v -17.06812 9.684893 97.85738
v -17.58576 9.684893 95.92552
v -14.25882 8.999992 95.03407
v -19.88824 11.63609 98.61302
v -20.40587 11.63609 96.68118
v -21.77295 14.55569 99.11803
v -22.29059 14.55569 97.18618
v -22.43451 17.99999 99.2953
v -22.95215 17.99999 97.36345
v -21.77295 21.44429 99.11803
v -22.29059 21.44429 97.18618
v -19.88824 24.36389 98.61302
v -20.40587 24.36389 96.68118
v -17.06812 26.31509 97.85738
v -17.58576 26.31509 95.92552
v -13.74118 26.99999 96.96593
v -14.25882 26.99999 95.03407
v -10.41424 26.31509 96.07448
v -10.93188 26.31509 94.14262
v -7.594126 24.36389 95.31882
v -8.111764 24.36389 93.38698
v -5.709412 21.44429 94.81382
v -6.22705 21.44429 92.88197
v -5.047849 17.99999 94.63655
v -5.565487 17.99999 92.7047
v -5.709412 14.55569 94.81382
v -6.22705 14.55569 92.88197
v -7.594126 11.63609 95.31882
v -8.111764 11.63609 93.38698
v -10.41424 9.684893 96.07448
v -10.93188 9.684893 94.14262
v -13.74118 9.999992 96.96593
v -16.69846 10.60879 97.75832
v -17.06812 9.684893 97.85738
v -13.74118 8.999992 96.96593
v -19.20523 12.34319 98.43002
v -19.88824 11.63609 98.61302
v -20.88053 14.93839 98.87891
v -21.77295 14.55569 99.11803
v -21.46859 17.99999 99.03648
v -22.43451 17.99999 99.2953
v -20.88053 21.06159 98.87891
v -21.77295 21.44429 99.11803
v -19.20523 23.65679 98.43002
v -19.88824 24.36389 98.61302
v -16.69846 25.39119 97.75832
v -17.06812 26.31509 97.85738
v -13.74118 25.99999 96.96593
v -13.74118 26.99999 96.96593
v -10.7839 25.39119 96.17352
v -10.41424 26.31509 96.07448
v -8.277132 23.65679 95.50184
v -7.594125 24.36389 95.31882
v -6.60183 21.06159 95.05294
v -5.709412 21.44429 94.81382
v -6.013774 17.99999 94.89537
v -5.047849 17.99999 94.63655
v -6.60183 14.93839 95.05294
v -5.709412 14.55569 94.81382
v -8.277132 12.34319 95.50184
v -7.594125 11.63609 95.31882
v -10.7839 10.60879 96.17352
v -10.41424 9.684893 96.07448
v -14.25882 9.999992 95.03407
v -17.2161 10.60879 95.82648
v -17.58576 9.684893 95.92552
v -14.25882 8.999992 95.03407
v -19.72287 12.34319 96.49816
v -20.40587 11.63609 96.68118
v -21.39817 14.93839 96.94706
v -22.29059 14.55569 97.18618
v -21.98623 17.99999 97.10463
v -22.95215 17.99999 97.36345
v -21.39817 21.06159 96.94706
v -22.29059 21.44429 97.18618
v -19.72287 23.65679 96.49816
v -20.40587 24.36389 96.68118
v -17.2161 25.39119 95.82648
v -17.58576 26.31509 95.92552
v -14.25882 25.99999 95.03407
v -14.25882 26.99999 95.03407
v -11.30154 25.39119 94.24168
v -10.93188 26.31509 94.14262
v -8.79477 23.65679 93.56998
v -8.111764 24.36389 93.38698
v -7.119468 21.06159 93.12109
v -6.22705 21.44429 92.88197
v -6.531413 17.99999 92.96352
v -5.565487 17.99999 92.7047
v -7.119468 14.93839 93.12109
v -6.22705 14.55569 92.88197
v -8.79477 12.34319 93.56998
v -8.111764 11.63609 93.38698
v -11.30154 10.60879 94.24168
v -10.93188 9.684893 94.14262
v -14.51764 9.999992 94.06815
v -17.47492 10.60879 94.86055
v -17.2161 10.60879 95.82648
v -14.25882 9.999992 95.03407
v -19.98169 12.34319 95.53223
v -19.72287 12.34319 96.49816
v -21.65699 14.93839 95.98113
v -21.39817 14.93839 96.94706
v -22.24504 17.99999 96.1387
v -21.98623 17.99999 97.10463
v -21.65699 21.06159 95.98113
v -21.39817 21.06159 96.94706
v -19.98169 23.65679 95.53223
v -19.72287 23.65679 96.49816
v -17.47492 25.39119 94.86055
v -17.2161 25.39119 95.82648
v -14.51764 25.99999 94.06815
v -14.25882 25.99999 95.03407
v -11.56036 25.39119 93.27575
v -11.30154 25.39119 94.24168
v -9.053589 23.65679 92.60406
v -8.79477 23.65679 93.56998
v -7.378287 21.06159 92.15517
v -7.119468 21.06159 93.12109
v -6.790232 17.99999 91.9976
v -6.531413 17.99999 92.96352
v -7.378287 14.93839 92.15517
v -7.119468 14.93839 93.12109
v -9.053589 12.34319 92.60406
v -8.79477 12.34319 93.56998
v -11.56036 10.60879 93.27575
v -11.30154 10.60879 94.24168
v -13.48236 9.999992 97.93185
v -16.43964 10.60879 98.72425
v -16.69846 10.60879 97.75832
v -13.74118 9.999992 96.96593
v -18.94641 12.34319 99.39594
v -19.20523 12.34319 98.43002
v -20.62171 14.93839 99.84483
v -20.88053 14.93839 98.87891
v -21.20977 17.99999 100.0024
v -21.46859 17.99999 99.03648
v -20.62171 21.06159 99.84483
v -20.88053 21.06159 98.87891
v -18.94641 23.65679 99.39594
v -19.20523 23.65679 98.43002
v -16.43964 25.39119 98.72425
v -16.69846 25.39119 97.75832
v -13.48236 25.99999 97.93185
v -13.74118 25.99999 96.96593
v -10.52508 25.39119 97.13945
v -10.7839 25.39119 96.17352
v -8.018312 23.65679 96.46777
v -8.277132 23.65679 95.50184
v -6.343011 21.06159 96.01887
v -6.60183 21.06159 95.05294
v -5.754955 17.99999 95.8613
v -6.013774 17.99999 94.89537
v -6.343011 14.93839 96.01887
v -6.60183 14.93839 95.05294
v -8.018312 12.34319 96.46777
v -8.277132 12.34319 95.50184
v -10.52508 10.60879 97.13945
v -10.7839 10.60879 96.17352
v -13.48236 9.999992 97.93185
v -12.96472 7.999992 99.8637
v -16.66132 8.760992 100.8542
v -16.43964 10.60879 98.72425
v -19.79478 10.92899 101.6938
v -18.94641 12.34319 99.39594
v -21.88891 14.17299 102.2549
v -20.62171 14.93839 99.84483
v -22.62398 17.99999 102.4519
v -21.20977 17.99999 100.0024
v -21.88891 21.82699 102.2549
v -20.62171 21.06159 99.84483
v -19.79478 25.07099 101.6938
v -18.94641 23.65679 99.39594
v -16.66132 27.23899 100.8542
v -16.43964 25.39119 98.72425
v -12.96472 27.99999 99.8637
v -13.48236 25.99999 97.93185
v -9.268126 27.23899 98.87321
v -10.52508 25.39119 97.13945
v -6.134662 25.07099 98.03359
v -8.018312 23.65679 96.46777
v -4.040535 21.82699 97.47247
v -6.343011 21.06159 96.01887
v -3.305466 17.99999 97.27551
v -5.754955 17.99999 95.8613
v -4.040535 14.17299 97.47247
v -6.343011 14.93839 96.01887
v -6.134662 10.92899 98.03359
v -8.018312 12.34319 96.46777
v -9.268126 8.760992 98.8732
v -10.52508 10.60879 97.13945
v -14.51764 9.999992 94.06815
v -15.03528 7.999993 92.1363
v -18.73187 8.760992 93.12679
v -17.47492 10.60879 94.86055
v -21.86534 10.92899 93.96641
v -19.98169 12.34319 95.53223
v -23.95947 14.17299 94.52753
v -21.65699 14.93839 95.98113
v -24.69453 17.99999 94.72449
v -22.24504 17.99999 96.1387
v -23.95947 21.82699 94.52753
v -21.65699 21.06159 95.98113
v -21.86534 25.07099 93.96641
v -19.98169 23.65679 95.53223
v -18.73187 27.23899 93.1268
v -17.47492 25.39119 94.86055
v -15.03528 27.99999 92.1363
v -14.51764 25.99999 94.06815
v -11.33868 27.23899 91.1458
v -11.56036 25.39119 93.27575
v -8.205215 25.07099 90.30619
v -9.053589 23.65679 92.60406
v -6.111087 21.82699 89.74506
v -7.378287 21.06159 92.15517
v -5.376018 17.99999 89.5481
v -6.790232 17.99999 91.9976
v -6.111087 14.17299 89.74506
v -7.378287 14.93839 92.15517
v -8.205215 10.92899 90.30618
v -9.053589 12.34319 92.60406
v -11.33868 8.760992 91.1458
v -11.56036 10.60879 93.27575
v -15.2941 7.999993 91.17037
v -18.99069 8.760992 92.16087
v -18.73187 8.760992 93.12679
v -15.03528 7.999993 92.1363
v -22.12416 10.92899 93.00048
v -21.86534 10.92899 93.96641
v -24.21828 14.17299 93.5616
v -23.95947 14.17299 94.52753
v -24.95335 17.99999 93.75856
v -24.69453 17.99999 94.72449
v -24.21828 21.82699 93.5616
v -23.95947 21.82699 94.52753
v -22.12416 25.07099 93.00048
v -21.86534 25.07099 93.96641
v -18.99069 27.23899 92.16087
v -18.73187 27.23899 93.1268
v -15.2941 27.99999 91.17037
v -15.03528 27.99999 92.1363
v -11.5975 27.23899 90.17987
v -11.33868 27.23899 91.1458
v -8.464034 25.07099 89.34026
v -8.205215 25.07099 90.30619
v -6.369906 21.82699 88.77914
v -6.111087 21.82699 89.74506
v -5.634837 17.99999 88.58218
v -5.376018 17.99999 89.5481
v -6.369906 14.17299 88.77914
v -6.111087 14.17299 89.74506
v -8.464034 10.92899 89.34026
v -8.205215 10.92899 90.30618
v -11.5975 8.760993 90.17987
v -11.33868 8.760992 91.1458
v -12.7059 7.999992 100.8296
v -16.4025 8.760991 101.8201
v -16.66132 8.760992 100.8542
v -12.96472 7.999992 99.8637
v -19.53596 10.92899 102.6597
v -19.79478 10.92899 101.6938
v -21.63009 14.17299 103.2209
v -21.88891 14.17299 102.2549
v -22.36516 17.99999 103.4178
v -22.62398 17.99999 102.4519
v -21.63009 21.82699 103.2209
v -21.88891 21.82699 102.2549
v -19.53596 25.07099 102.6597
v -19.79478 25.07099 101.6938
v -16.4025 27.23899 101.8201
v -16.66132 27.23899 100.8542
v -12.7059 27.99999 100.8296
v -12.96472 27.99999 99.8637
v -9.009307 27.23899 99.83913
v -9.268126 27.23899 98.87321
v -5.875844 25.07099 98.99952
v -6.134663 25.07099 98.03359
v -3.781716 21.82699 98.4384
v -4.040535 21.82699 97.47247
v -3.046647 17.99999 98.24144
v -3.305466 17.99999 97.27551
v -3.781716 14.17299 98.4384
v -4.040535 14.17299 97.47247
v -5.875844 10.92899 98.99952
v -6.134663 10.92899 98.03359
v -9.009307 8.760992 99.83913
v -9.268126 8.760992 98.8732
v -12.7059 2.999992 100.8296
v -18.2508 4.141491 102.3154
v -18.12139 4.141491 102.7983
v -12.5765 2.999992 101.3126
v -22.951 7.393492 103.5748
v -22.82159 7.393492 104.0578
v -26.09219 12.25949 104.4165
v -25.96278 12.25949 104.8994
v -27.19479 17.99999 104.7119
v -27.06538 17.99999 105.1949
v -26.09219 23.74049 104.4165
v -25.96278 23.74049 104.8994
v -22.951 28.60649 103.5748
v -22.82159 28.60649 104.0578
v -18.2508 31.85849 102.3154
v -18.12139 31.85849 102.7983
v -12.7059 32.99999 100.8296
v -12.5765 32.99999 101.3126
v -7.161007 31.85849 99.34388
v -7.031598 31.85849 99.82684
v -2.460813 28.60649 98.08447
v -2.331403 28.60649 98.56743
v 0.6803787 23.74049 97.24278
v 0.8097882 23.74049 97.72575
v 1.782983 17.99999 96.94734
v 1.912392 17.99999 97.43031
v 0.6803787 12.25949 97.24278
v 0.8097882 12.25949 97.72575
v -2.460813 7.393493 98.08447
v -2.331403 7.393493 98.56743
v -7.161007 4.141491 99.34388
v -7.031598 4.141491 99.82684
v -12.7059 1.999992 100.8296
v -18.62046 3.217592 102.4144
v -18.49105 3.217592 102.8974
v -12.5765 1.999992 101.3126
v -23.634 6.686392 103.7578
v -23.50459 6.686392 104.2408
v -26.98461 11.87679 104.6556
v -26.8552 11.87679 105.1386
v -28.16072 17.99999 104.9707
v -28.03131 17.99999 105.4537
v -26.98461 24.12319 104.6556
v -26.8552 24.12319 105.1386
v -23.634 29.31359 103.7578
v -23.50459 29.31359 104.2408
v -18.62046 32.78239 102.4144
v -18.49105 32.78239 102.8974
v -12.7059 33.99999 100.8296
v -12.5765 33.99999 101.3126
v -6.791348 32.78239 99.24483
v -6.661938 32.78239 99.72779
v -1.777807 29.31359 97.90145
v -1.648397 29.31359 98.38441
v 1.572797 24.12319 97.00366
v 1.702207 24.12319 97.48663
v 2.748908 17.99999 96.68852
v 2.878318 17.99999 97.17149
v 1.572797 11.87679 97.00366
v 1.702207 11.87679 97.48663
v -1.777807 6.686393 97.90145
v -1.648397 6.686393 98.38441
v -6.791348 3.217592 99.24483
v -6.661938 3.217592 99.72779
v -12.5765 2.999992 101.3126
v -14.46729 3.128992 101.8192
v -14.59335 2.137592 101.853
v -12.5765 1.999992 101.3126
v -16.32622 3.511492 102.3173
v -16.5762 2.545592 102.3843
v -18.12139 4.141492 102.7983
v -18.49105 3.217592 102.8974
v -19.82094 5.009992 103.2537
v -20.3039 4.143992 103.3831
v -21.39733 6.098992 103.6761
v -21.98539 5.305592 103.8337
v -22.82159 7.393492 104.0578
v -23.50459 6.686392 104.2408
v -24.07198 8.867991 104.3928
v -24.83834 8.259192 104.5981
v -25.12387 10.49999 104.6747
v -25.96036 9.999991 104.8988
v -25.96278 12.25949 104.8994
v -26.8552 11.87679 105.1386
v -26.57131 14.11799 105.0625
v -27.5043 13.85919 105.3125
v -26.94078 16.04249 105.1615
v -27.8984 15.91199 105.4181
v -27.06538 17.99999 105.1949
v -28.03131 17.99999 105.4537
v -26.94078 19.95749 105.1615
v -27.8984 20.08799 105.4181
v -26.57131 21.88199 105.0625
v -27.5043 22.14079 105.3125
v -25.96278 23.74049 104.8994
v -26.8552 24.12319 105.1386
v -25.12387 25.49999 104.6747
v -25.96036 25.99999 104.8988
v -24.07198 27.13199 104.3928
v -24.83834 27.74079 104.5981
v -22.82159 28.60649 104.0578
v -23.50459 29.31359 104.2408
v -21.39733 29.90099 103.6761
v -21.98539 30.69439 103.8337
v -19.82094 30.98999 103.2537
v -20.3039 31.85599 103.3831
v -18.12139 31.85849 102.7983
v -18.49105 32.78239 102.8974
v -16.32622 32.48849 102.3173
v -16.5762 33.45439 102.3843
v -14.46729 32.87099 101.8192
v -14.59335 33.86239 101.853
v -12.5765 32.99999 101.3126
v -12.5765 33.99999 101.3126
v -10.6857 32.87099 100.806
v -10.55964 33.86239 100.7722
v -8.826771 32.48849 100.3079
v -8.57679 33.45439 100.2409
v -7.031598 31.85849 99.82684
v -6.661938 32.78239 99.72779
v -5.332051 30.98999 99.37145
v -4.849089 31.85599 99.24204
v -3.755661 29.90099 98.94906
v -3.167605 30.69439 98.79149
v -2.331403 28.60649 98.56743
v -1.648397 29.31359 98.38441
v -1.081012 27.13199 98.23238
v -0.3146466 27.74079 98.02704
v -0.02911901 25.49999 97.95053
v 0.8073729 25.99999 97.72639
v 0.8097873 23.74049 97.72575
v 1.702207 24.12319 97.48663
v 1.418321 21.88199 97.56269
v 2.351309 22.14079 97.3127
v 1.787788 19.95749 97.46369
v 2.745407 20.08799 97.2071
v 1.912392 17.99999 97.43031
v 2.878318 17.99999 97.17149
v 1.787788 16.04249 97.46369
v 2.745407 15.91199 97.2071
v 1.418321 14.11799 97.56269
v 2.351309 13.85919 97.3127
v 0.8097873 12.25949 97.72575
v 1.702207 11.87679 97.48663
v -0.02911901 10.49999 97.95053
v 0.8073729 9.999992 97.72639
v -1.081012 8.867992 98.23238
v -0.3146466 8.259192 98.02704
v -2.331403 7.393493 98.56743
v -1.648397 6.686393 98.38441
v -3.755661 6.098992 98.94906
v -3.167605 5.305592 98.79149
v -5.332051 5.009992 99.37144
v -4.849089 4.143992 99.24203
v -7.031598 4.141492 99.82684
v -6.661938 3.217592 99.72779
v -8.826771 3.511492 100.3079
v -8.57679 2.545592 100.2409
v -10.6857 3.128992 100.806
v -10.55964 2.137592 100.7722
v -12.7059 5.999992 100.8296
v -17.14182 6.913192 102.0182
v -17.01241 6.913192 102.5012
v -12.5765 5.999992 101.3126
v -20.90198 9.514791 103.0258
v -20.77257 9.514791 103.5087
v -23.41493 13.40759 103.6991
v -23.28552 13.40759 104.1821
v -24.29701 17.99999 103.9355
v -24.1676 17.99999 104.4184
v -23.41493 22.59239 103.6991
v -23.28552 22.59239 104.1821
v -20.90198 26.48519 103.0258
v -20.77257 26.48519 103.5087
v -17.14182 29.08679 102.0182
v -17.01241 29.08679 102.5012
v -12.7059 29.99999 100.8296
v -12.5765 29.99999 101.3126
v -8.269987 29.08679 99.64103
v -8.140577 29.08679 100.124
v -4.509831 26.48519 98.6335
v -4.380422 26.48519 99.11646
v -1.996879 22.59239 97.96015
v -1.867469 22.59239 98.44312
v -1.114795 17.99999 97.7238
v -0.9853854 17.99999 98.20676
v -1.996879 13.40759 97.96015
v -1.867469 13.40759 98.44312
v -4.509831 9.514792 98.6335
v -4.380422 9.514792 99.11646
v -8.269987 6.913192 99.64103
v -8.140577 6.913192 100.124
v -12.7059 4.999992 100.8296
v -17.51148 5.989292 102.1173
v -17.38207 5.989292 102.6002
v -12.5765 4.999992 101.3126
v -21.58498 8.807692 103.2088
v -21.45557 8.807692 103.6917
v -24.30735 13.02489 103.9382
v -24.17794 13.02489 104.4212
v -25.26294 17.99999 104.1943
v -25.13353 17.99999 104.6772
v -24.30735 22.97509 103.9382
v -24.17794 22.97509 104.4212
v -21.58498 27.19229 103.2088
v -21.45557 27.19229 103.6917
v -17.51148 30.01069 102.1173
v -17.38207 30.01069 102.6002
v -12.7059 30.99999 100.8296
v -12.5765 30.99999 101.3126
v -7.900327 30.01069 99.54198
v -7.770917 30.01069 100.0249
v -3.826825 27.19229 98.45049
v -3.697415 27.19229 98.93345
v -1.104459 22.97509 97.72103
v -0.9750497 22.97509 98.20399
v -0.1488691 17.99999 97.46498
v -0.01945953 17.99999 97.94794
v -1.104459 13.02489 97.72103
v -0.9750497 13.02489 98.20399
v -3.826825 8.807693 98.45049
v -3.697415 8.807693 98.93345
v -7.900327 5.989292 99.54198
v -7.770917 5.989292 100.0249
v -12.5765 5.999992 101.3126
v -14.08914 6.103192 101.7179
v -14.21519 5.111792 101.7517
v -12.5765 4.999992 101.3126
v -15.57627 6.409192 102.1164
v -15.82626 5.443292 102.1834
v -17.01241 6.913192 102.5012
v -17.38207 5.989292 102.6002
v -18.37205 7.607992 102.8655
v -18.85501 6.741992 102.9949
v -19.63316 8.479192 103.2034
v -20.22122 7.685791 103.361
v -20.77257 9.514791 103.5087
v -21.45557 8.807692 103.6917
v -21.77288 10.69439 103.7768
v -22.53925 10.08559 103.9821
v -22.6144 11.99999 104.0022
v -23.45089 11.49999 104.2264
v -23.28552 13.40759 104.1821
v -24.17794 13.02489 104.4212
v -23.77235 14.89439 104.3125
v -24.70534 14.63559 104.5625
v -24.06792 16.43399 104.3917
v -25.02554 16.30349 104.6483
v -24.1676 17.99999 104.4184
v -25.13353 17.99999 104.6772
v -24.06792 19.56599 104.3917
v -25.02554 19.69649 104.6483
v -23.77235 21.10559 104.3125
v -24.70534 21.36439 104.5625
v -23.28552 22.59239 104.1821
v -24.17794 22.97509 104.4212
v -22.6144 23.99999 104.0022
v -23.45089 24.49999 104.2264
v -21.77288 25.30559 103.7768
v -22.53925 25.91439 103.9821
v -20.77257 26.48519 103.5087
v -21.45557 27.19229 103.6917
v -19.63316 27.52079 103.2034
v -20.22122 28.31419 103.361
v -18.37205 28.39199 102.8655
v -18.85501 29.25799 102.9949
v -17.01241 29.08679 102.5012
v -17.38207 30.01069 102.6002
v -15.57627 29.59079 102.1164
v -15.82626 30.55669 102.1834
v -14.08914 29.89679 101.7179
v -14.21519 30.88819 101.7517
v -12.5765 29.99999 101.3126
v -12.5765 30.99999 101.3126
v -11.06386 29.89679 100.9073
v -10.9378 30.88819 100.8735
v -9.576715 29.59079 100.5088
v -9.326735 30.55669 100.4418
v -8.140577 29.08679 100.124
v -7.770917 30.01069 100.0249
v -6.78094 28.39199 99.75968
v -6.297977 29.25799 99.63027
v -5.519827 27.52079 99.42176
v -4.931772 28.31419 99.2642
v -4.380422 26.48519 99.11646
v -3.697415 27.19229 98.93345
v -3.380109 25.30559 98.84843
v -2.613743 25.91439 98.64308
v -2.538594 23.99999 98.62295
v -1.702102 24.49999 98.3988
v -1.867469 22.59239 98.44312
v -0.9750497 22.97509 98.20399
v -1.380642 21.10559 98.31268
v -0.4476547 21.36439 98.06268
v -1.085069 19.56599 98.23347
v -0.1274502 19.69649 97.97688
v -0.9853854 17.99999 98.20676
v -0.01945953 17.99999 97.94794
v -1.085069 16.43399 98.23347
v -0.1274502 16.30349 97.97688
v -1.380642 14.89439 98.31267
v -0.4476547 14.63559 98.06268
v -1.867469 13.40759 98.44312
v -0.9750497 13.02489 98.20399
v -2.538594 11.99999 98.62294
v -1.702102 11.49999 98.3988
v -3.380109 10.69439 98.84843
v -2.613743 10.08559 98.64308
v -4.380422 9.514792 99.11646
v -3.697415 8.807693 98.93345
v -5.519827 8.479193 99.42176
v -4.931772 7.685791 99.26419
v -6.78094 7.607992 99.75967
v -6.297977 6.741992 99.63026
v -8.140577 6.913192 100.124
v -7.770917 5.989292 100.0249
v -9.576715 6.409192 100.5088
v -9.326735 5.443292 100.4418
v -11.06386 6.103192 100.9073
v -10.9378 5.111792 100.8735
v 1.782983 17.99999 96.94734
v -3.046647 17.99999 98.24144
v -3.781716 21.82699 98.4384
v 0.6803778 23.74049 97.24278
v -5.875844 25.07099 98.99952
v -2.460813 28.60649 98.08447
v -9.009307 27.23899 99.83913
v -7.161007 31.85849 99.34388
v -12.7059 27.99999 100.8296
v -12.7059 32.99999 100.8296
v -16.4025 27.23899 101.8201
v -18.2508 31.85849 102.3154
v -19.53596 25.07099 102.6597
v -22.951 28.60649 103.5748
v -21.63009 21.82699 103.2209
v -26.09219 23.74049 104.4165
v -22.36516 17.99999 103.4178
v -27.19479 17.99999 104.7119
v -21.63009 14.17299 103.2209
v -26.09219 12.25949 104.4165
v -19.53596 10.92899 102.6597
v -22.951 7.393492 103.5748
v -16.4025 8.760991 101.8201
v -18.2508 4.141492 102.3154
v -12.7059 7.999992 100.8296
v -12.7059 2.999992 100.8296
v -9.009307 8.760992 99.83913
v -7.161007 4.141492 99.34388
v -5.875844 10.92899 98.99952
v -2.460813 7.393493 98.08447
v -3.781716 14.17299 98.4384
v 0.6803778 12.25949 97.24278
v -6.237099 1.831993 99.09631
v -12.7059 0.499992 100.8296
v -0.7532977 5.625743 97.62694
v 2.911183 11.30299 96.64504
v 4.197797 17.99999 96.30029
v 2.911183 24.69699 96.64504
v -0.7532977 30.37424 97.62694
v -6.237099 34.16799 99.09632
v -12.7059 35.49999 100.8296
v -19.17471 34.16799 102.5629
v -24.65851 30.37424 104.0323
v -28.32299 24.69699 105.0142
v -29.60961 17.99999 105.359
v -28.32299 11.30299 105.0142
v -24.65851 5.625742 104.0323
v -19.17471 1.831993 102.5629
v -12.7059 0.499992 100.8296
v -13.35295 -7.840505E-06 98.41481
v -20.00683 1.369793 100.1977
v -19.17495 1.831743 102.563
v -25.64706 5.272192 101.709
v -24.65851 5.625741 104.0323
v -29.41649 11.11139 102.719
v -28.32323 11.30274 105.0143
v -30.73962 17.99999 103.0736
v -29.60961 17.99999 105.359
v -29.41649 24.88859 102.719
v -28.32323 24.69724 105.0143
v -25.64706 30.72779 101.709
v -24.65851 30.37424 104.0323
v -20.00683 34.63019 100.1977
v -19.17495 34.16824 102.563
v -13.35295 35.99999 98.41482
v -12.7059 35.49999 100.8296
v -6.699076 34.63019 96.63191
v -6.236858 34.16824 99.09625
v -1.058841 30.72779 95.12062
v -0.7532967 30.37424 97.62694
v 2.710587 24.88859 94.1106
v 2.911425 24.69724 96.64498
v 4.033712 17.99999 93.75607
v 4.197797 17.99999 96.30029
v 2.710587 11.11139 94.1106
v 2.911425 11.30274 96.64497
v -1.058841 5.272192 95.12061
v -0.7532967 5.625742 97.62694
v -6.699076 1.369793 96.63191
v -6.236858 1.831743 99.09625
v -14.64705 -7.418285E-06 93.58518
v -21.30092 1.369793 95.36809
v -26.94116 5.272193 96.87938
v -30.71059 11.11139 97.8894
v -32.03371 17.99999 98.24393
v -30.71059 24.88859 97.8894
v -26.94116 30.72779 96.87939
v -21.30092 34.63019 95.36809
v -14.64705 35.99999 93.58519
v -7.993171 34.63019 91.80228
v -2.352938 30.72779 90.29099
v 1.416491 24.88859 89.28098
v 2.739617 17.99999 88.92645
v 1.416491 11.11139 89.28098
v -2.352938 5.272193 90.29099
v -7.993171 1.369793 91.80228
v -15.2941 0.4999928 91.17037
v -21.76314 1.831743 92.90375
v -27.2467 5.625742 94.37306
v -30.91142 11.30274 95.35502
v -32.1978 17.99999 95.69971
v -30.91142 24.69724 95.35503
v -27.2467 30.37424 94.37306
v -21.76314 34.16824 92.90375
v -15.2941 35.49999 91.17037
v -8.825048 34.16824 89.437
v -3.341487 30.37424 87.96768
v 0.3232338 24.69724 86.98572
v 1.609606 17.99999 86.64104
v 0.3232338 11.30274 86.98572
v -3.341487 5.625742 87.96767
v -8.825048 1.831744 89.437
v -29.78298 17.99999 95.05266
v -24.95335 17.99999 93.75856
v -24.21828 21.82699 93.5616
v -28.68038 23.74049 94.75722
v -22.12416 25.07099 93.00048
v -25.53919 28.60649 93.91553
v -18.99069 27.23899 92.16087
v -20.83899 31.85849 92.65612
v -15.2941 27.99999 91.17037
v -15.2941 32.99999 91.17037
v -11.5975 27.23899 90.17987
v -9.749198 31.85849 89.68462
v -8.464034 25.07099 89.34026
v -5.049004 28.60649 88.42521
v -6.369906 21.82699 88.77914
v -1.907813 23.74049 87.58353
v -5.634837 17.99999 88.58218
v -0.8052082 17.99999 87.28809
v -6.369906 14.17299 88.77914
v -1.907813 12.25949 87.58353
v -8.464034 10.92899 89.34026
v -5.049004 7.393493 88.42521
v -11.5975 8.760993 90.17987
v -9.749198 4.141493 89.68462
v -15.2941 7.999993 91.17037
v -15.2941 2.999993 91.17037
v -18.99069 8.760992 92.16087
v -20.83899 4.141493 92.65612
v -22.12416 10.92899 93.00048
v -25.53919 7.393493 93.91553
v -24.21828 14.17299 93.5616
v -28.68038 12.25949 94.75722
v -21.7629 1.831993 92.90368
v -15.2941 0.4999928 91.17037
v -27.2467 5.625743 94.37306
v -30.91118 11.30299 95.35496
v -32.1978 17.99999 95.69971
v -30.91118 24.69699 95.35496
v -27.2467 30.37424 94.37306
v -21.7629 34.16799 92.90369
v -15.2941 35.49999 91.17037
v -8.82529 34.16799 89.43706
v -3.341488 30.37424 87.96768
v 0.3229925 24.69699 86.98579
v 1.609606 17.99999 86.64104
v 0.3229925 11.30299 86.98579
v -3.341488 5.625743 87.96768
v -8.82529 1.831994 89.43706
v -15.2941 2.999993 91.17037
v -20.83899 4.141492 92.65612
v -20.9684 4.141492 92.17316
v -15.4235 2.999993 90.68741
v -25.53919 7.393493 93.91553
v -25.6686 7.393493 93.43257
v -28.68038 12.25949 94.75722
v -28.80979 12.25949 94.27425
v -29.78298 17.99999 95.05266
v -29.91239 17.99999 94.56969
v -28.68038 23.74049 94.75722
v -28.80979 23.74049 94.27425
v -25.53919 28.60649 93.91553
v -25.6686 28.60649 93.43257
v -20.83899 31.85849 92.65612
v -20.9684 31.85849 92.17316
v -15.2941 32.99999 91.17037
v -15.4235 32.99999 90.68741
v -9.749198 31.85849 89.68462
v -9.878608 31.85849 89.20166
v -5.049004 28.60649 88.42521
v -5.178413 28.60649 87.94225
v -1.907812 23.74049 87.58353
v -2.037222 23.74049 87.10056
v -0.8052082 17.99999 87.28809
v -0.9346177 17.99999 86.80512
v -1.907812 12.25949 87.58353
v -2.037222 12.25949 87.10056
v -5.049004 7.393493 88.42521
v -5.178413 7.393493 87.94225
v -9.749198 4.141492 89.68462
v -9.878608 4.141492 89.20165
v -15.2941 1.999993 91.17037
v -21.20865 3.217592 92.75517
v -21.33806 3.217592 92.27221
v -15.4235 1.999993 90.68741
v -26.22219 6.686393 94.09855
v -26.3516 6.686393 93.61559
v -29.5728 11.87679 94.99634
v -29.70221 11.87679 94.51337
v -30.74891 17.99999 95.31148
v -30.87832 17.99999 94.82851
v -29.5728 24.12319 94.99634
v -29.70221 24.12319 94.51337
v -26.22219 29.31359 94.09855
v -26.3516 29.31359 93.61559
v -21.20865 32.78239 92.75517
v -21.33806 32.78239 92.27221
v -15.2941 33.99999 91.17037
v -15.4235 33.99999 90.68741
v -9.379539 32.78239 89.58557
v -9.508948 32.78239 89.10261
v -4.365997 29.31359 88.2422
v -4.495407 29.31359 87.75923
v -1.015393 24.12319 87.34441
v -1.144803 24.12319 86.86144
v 0.1607176 17.99999 87.02927
v 0.0313081 17.99999 86.5463
v -1.015393 11.87679 87.34441
v -1.144803 11.87679 86.86144
v -4.365997 6.686393 88.2422
v -4.495407 6.686394 87.75923
v -9.379539 3.217593 89.58557
v -9.508948 3.217593 89.10261
v -15.4235 2.999993 90.68741
v -17.3143 3.128993 91.19405
v -17.44036 2.137593 91.22782
v -15.4235 1.999993 90.68741
v -19.17323 3.511493 91.69214
v -19.42321 2.545593 91.75912
v -20.9684 4.141493 92.17316
v -21.33806 3.217592 92.27221
v -22.66795 5.009993 92.62855
v -23.15091 4.143993 92.75796
v -24.24434 6.098993 93.05094
v -24.8324 5.305593 93.20851
v -25.6686 7.393493 93.43257
v -26.3516 6.686393 93.61559
v -26.91899 8.867992 93.76762
v -27.68535 8.259192 93.97296
v -27.97088 10.49999 94.04947
v -28.80737 9.999992 94.27361
v -28.80979 12.25949 94.27425
v -29.70221 11.87679 94.51337
v -29.41832 14.11799 94.43731
v -30.35131 13.85919 94.6873
v -29.78779 16.04249 94.53631
v -30.74541 15.91199 94.7929
v -29.91239 17.99999 94.56969
v -30.87832 17.99999 94.82851
v -29.78779 19.95749 94.53631
v -30.74541 20.08799 94.7929
v -29.41832 21.88199 94.43731
v -30.35131 22.14079 94.6873
v -28.80979 23.74049 94.27425
v -29.70221 24.12319 94.51337
v -27.97088 25.49999 94.04947
v -28.80737 25.99999 94.27361
v -26.91899 27.13199 93.76762
v -27.68535 27.74079 93.97296
v -25.6686 28.60649 93.43257
v -26.3516 29.31359 93.61559
v -24.24434 29.90099 93.05094
v -24.8324 30.69439 93.20851
v -22.66795 30.98999 92.62856
v -23.15091 31.85599 92.75797
v -20.9684 31.85849 92.17316
v -21.33806 32.78239 92.27221
v -19.17323 32.48849 91.69215
v -19.42321 33.45439 91.75912
v -17.3143 32.87099 91.19405
v -17.44036 33.86239 91.22782
v -15.4235 32.99999 90.68741
v -15.4235 33.99999 90.68741
v -13.53271 32.87099 90.18077
v -13.40665 33.86239 90.147
v -11.67378 32.48849 89.68267
v -11.4238 33.45439 89.61569
v -9.878608 31.85849 89.20166
v -9.508948 32.78239 89.10261
v -8.179061 30.98999 88.74627
v -7.696098 31.85599 88.61686
v -6.60267 29.90099 88.32388
v -6.014615 30.69439 88.16631
v -5.178413 28.60649 87.94225
v -4.495407 29.31359 87.75923
v -3.928022 27.13199 87.6072
v -3.161656 27.74079 87.40186
v -2.876129 25.49999 87.32535
v -2.039637 25.99999 87.10121
v -2.037222 23.74049 87.10056
v -1.144803 24.12319 86.86144
v -1.428689 21.88199 86.93751
v -0.495701 22.14079 86.68752
v -1.059222 19.95749 86.83851
v -0.1016032 20.08799 86.58192
v -0.9346177 17.99999 86.80512
v 0.0313081 17.99999 86.5463
v -1.059222 16.04249 86.83851
v -0.1016032 15.91199 86.58192
v -1.428689 14.11799 86.93751
v -0.495701 13.85919 86.68752
v -2.037222 12.25949 87.10056
v -1.144803 11.87679 86.86144
v -2.876129 10.49999 87.32535
v -2.039637 9.999993 87.10121
v -3.928022 8.867993 87.6072
v -3.161656 8.259193 87.40186
v -5.178413 7.393493 87.94225
v -4.495407 6.686394 87.75923
v -6.60267 6.098993 88.32387
v -6.014615 5.305593 88.16631
v -8.179061 5.009993 88.74626
v -7.696098 4.143993 88.61685
v -9.878608 4.141493 89.20165
v -9.508948 3.217593 89.10261
v -11.67378 3.511493 89.68267
v -11.4238 2.545593 89.61569
v -13.53271 3.128993 90.18077
v -13.40665 2.137593 90.147
v -15.4235 4.999993 90.68741
v -15.2941 4.999993 91.17037
v -15.2941 5.999993 91.17037
v -15.4235 5.999993 90.68741
v -26.13234 22.59219 93.55683
v -26.00293 22.59219 94.03979
v -26.89525 22.97479 94.27889
v -27.02466 22.97479 93.79593
v -19.85942 6.913193 91.87601
v -15.4235 5.999993 90.68741
v -15.2941 5.999993 91.17037
v -19.73001 6.913193 92.35897
v -23.61958 9.514792 92.88354
v -23.49017 9.514792 93.3665
v -26.13253 13.40759 93.55688
v -26.00312 13.40759 94.03985
v -27.01461 17.99999 93.79324
v -26.8852 17.99999 94.2762
v -26.13253 22.59239 93.55688
v -26.00312 22.59239 94.03985
v -20.22908 5.989293 91.97506
v -15.4235 4.999993 90.68741
v -15.2941 4.999993 91.17037
v -20.09967 5.989293 92.45802
v -24.30258 8.807693 93.06655
v -24.17318 8.807693 93.54951
v -27.02495 13.02489 93.79601
v -26.89554 13.02489 94.27897
v -27.98054 17.99999 94.05206
v -27.85113 17.99999 94.53502
v -27.02495 22.97509 93.79601
v -26.89554 22.97509 94.27897
v -15.4235 5.999993 90.68741
v -19.85942 6.913193 91.87601
v -20.22908 5.989293 91.97506
v -15.4235 4.999993 90.68741
v -23.61958 9.514792 92.88354
v -24.30258 8.807693 93.06655
v -26.13253 13.40759 93.55688
v -27.02495 13.02489 93.79601
v -27.01461 17.99999 93.79324
v -27.98054 17.99999 94.05206
v -26.13253 22.59239 93.55688
v -27.02495 22.97509 93.79601
v -15.4235 30.99999 90.68741
v -15.2941 30.99999 91.17037
v -15.2941 29.99999 91.17037
v -15.4235 29.99999 90.68741
v -7.22717 9.514494 88.4912
v -7.097761 9.514494 88.97417
v -6.414793 8.807493 88.79117
v -6.544203 8.807493 88.3082
v -15.4235 29.99999 90.68741
v -15.2941 29.99999 91.17037
v -10.85818 29.08679 89.98177
v -10.98759 29.08679 89.49881
v -7.098022 26.48519 88.97424
v -7.227431 26.48519 88.49128
v -4.58507 22.59239 88.3009
v -4.714479 22.59239 87.81793
v -3.702986 17.99999 88.06454
v -3.832395 17.99999 87.58158
v -4.58507 13.40759 88.3009
v -4.714479 13.40759 87.81793
v -7.098022 9.514793 88.97424
v -7.227431 9.514793 88.49127
v -15.4235 30.99999 90.68741
v -15.2941 30.99999 91.17037
v -10.48852 30.01069 89.88272
v -10.61793 30.01069 89.39976
v -6.415016 27.19229 88.79123
v -6.544425 27.19229 88.30827
v -3.69265 22.97509 88.06178
v -3.82206 22.97509 87.57881
v -2.73706 17.99999 87.80573
v -2.866469 17.99999 87.32276
v -3.69265 13.02489 88.06178
v -3.82206 13.02489 87.57881
v -6.415016 8.807693 88.79123
v -6.544425 8.807693 88.30827
v -15.4235 29.99999 90.68741
v -10.98759 29.08679 89.49881
v -10.61793 30.01069 89.39976
v -15.4235 30.99999 90.68741
v -7.227431 26.48519 88.49128
v -6.544425 27.19229 88.30827
v -4.714479 22.59239 87.81793
v -3.82206 22.97509 87.57881
v -3.832395 17.99999 87.58158
v -2.866469 17.99999 87.32276
v -4.714479 13.40759 87.81793
v -3.82206 13.02489 87.57881
v -7.227431 9.514793 88.49127
v -6.544425 8.807693 88.30827
vn 0.06388472 0.9978105 -0.01711777
vn 0.4279071 0.8965206 -0.1146573
vn 0.3097811 0.9471778 -0.08300552
vn -0.06388472 0.9978105 0.01711795
vn 0.7266836 0.6587999 -0.1947142
vn 0.6363518 0.7523182 -0.1705099
vn 0.9149035 0.320709 -0.2451476
vn 0.8659724 0.4430021 -0.2320366
vn 0.9638109 -0.0661383 -0.2582524
vn 0.9638109 0.06613835 -0.2582524
vn 0.8659724 -0.443002 -0.2320367
vn 0.9149035 -0.320709 -0.2451477
vn 0.6363519 -0.7523182 -0.1705101
vn 0.7266836 -0.6587999 -0.1947144
vn 0.3097811 -0.9471778 -0.08300569
vn 0.4279071 -0.8965206 -0.1146575
vn -0.06388472 -0.9978105 0.01711777
vn 0.06388472 -0.9978105 -0.01711795
vn -0.4279071 -0.8965206 0.1146573
vn -0.3097811 -0.9471778 0.08300552
vn -0.7266836 -0.6587999 0.1947142
vn -0.6363518 -0.7523182 0.1705099
vn -0.9149035 -0.320709 0.2451476
vn -0.8659724 -0.4430021 0.2320366
vn -0.9638109 0.0661383 0.2582524
vn -0.9638109 -0.06613835 0.2582524
vn -0.8659724 0.443002 0.2320367
vn -0.9149035 0.320709 0.2451477
vn -0.6363519 0.7523182 0.1705101
vn -0.7266836 0.6587999 0.1947144
vn -0.3097811 0.9471778 0.08300569
vn -0.4279071 0.8965206 0.1146575
vn -0.2588191 8.444392E-08 -0.9659258
vn -0.2588191 8.444392E-08 -0.9659258
vn -0.2588191 8.444392E-08 -0.9659258
vn -0.2588191 8.444392E-08 -0.9659258
vn -0.2588191 8.444392E-08 -0.9659258
vn -0.2588191 8.444392E-08 -0.9659258
vn -0.2588191 8.444392E-08 -0.9659258
vn -0.2588191 8.444392E-08 -0.9659258
vn -0.2588191 8.444392E-08 -0.9659258
vn -0.2588191 8.444392E-08 -0.9659258
vn -0.2588191 8.444392E-08 -0.9659258
vn -0.2588191 8.444392E-08 -0.9659258
vn -0.2588191 8.444392E-08 -0.9659258
vn -0.2588191 8.444392E-08 -0.9659258
vn -0.2588191 8.444392E-08 -0.9659258
vn -0.2588191 8.444392E-08 -0.9659258
vn -0.2588191 8.444392E-08 -0.9659258
vn -0.2588191 8.444392E-08 -0.9659258
vn -0.2588191 8.444392E-08 -0.9659258
vn -0.2588191 8.444392E-08 -0.9659258
vn -0.2588191 8.444392E-08 -0.9659258
vn -0.2588191 8.444392E-08 -0.9659258
vn -0.2588191 8.444392E-08 -0.9659258
vn -0.2588191 8.444392E-08 -0.9659258
vn -0.2588191 8.444392E-08 -0.9659258
vn -0.2588191 8.444392E-08 -0.9659258
vn -0.2588191 8.444392E-08 -0.9659258
vn -0.2588191 8.444392E-08 -0.9659258
vn -0.2588191 8.444392E-08 -0.9659258
vn -0.2588191 8.444392E-08 -0.9659258
vn -0.2588191 8.444392E-08 -0.9659258
vn -0.2588191 8.444392E-08 -0.9659258
vn 0.2588191 -8.444392E-08 0.9659258
vn 0.2588191 -8.444392E-08 0.9659258
vn 0.2588191 -8.444392E-08 0.9659258
vn 0.2588191 -8.444392E-08 0.9659258
vn 0.2588191 -8.444392E-08 0.9659258
vn 0.258819 -8.444391E-08 0.9659258
vn 0.2588191 -8.444392E-08 0.9659258
vn 0.2588191 -8.444392E-08 0.9659258
vn 0.2588191 -8.444392E-08 0.9659258
vn 0.2588191 -8.444392E-08 0.9659258
vn 0.2588191 -8.444392E-08 0.9659258
vn 0.2588191 -8.444392E-08 0.9659258
vn 0.2588191 -8.444392E-08 0.9659258
vn 0.258819 -8.444391E-08 0.9659258
vn 0.2588191 -8.444392E-08 0.9659258
vn 0.2588191 -8.444392E-08 0.9659258
vn 0.2588191 -8.444392E-08 0.9659258
vn 0.2588191 -8.444392E-08 0.9659258
vn 0.2588191 -8.444392E-08 0.9659258
vn 0.2588191 -8.444392E-08 0.9659258
vn 0.2588191 -8.444392E-08 0.9659258
vn 0.258819 -8.444391E-08 0.9659258
vn 0.2588191 -8.444392E-08 0.9659258
vn 0.2588191 -8.444392E-08 0.9659258
vn 0.2588191 -8.444392E-08 0.9659258
vn 0.2588191 -8.444392E-08 0.9659258
vn 0.2588191 -8.444392E-08 0.9659258
vn 0.2588191 -8.444392E-08 0.9659258
vn 0.2588191 -8.444392E-08 0.9659258
vn 0.258819 -8.444391E-08 0.9659258
vn 0.2588191 -8.444392E-08 0.9659258
vn 0.2588191 -8.444392E-08 0.9659258
vn 0.06388468 0.9978104 -0.01711776
vn 0.4279071 0.8965206 -0.1146573
vn 0.3097811 0.9471778 -0.08300551
vn -0.06388468 0.9978104 0.01711794
vn 0.7266834 0.6587999 -0.1947142
vn 0.6363519 0.7523182 -0.1705099
vn 0.9149035 0.320709 -0.2451476
vn 0.8659723 0.4430021 -0.2320366
vn 0.9638109 -0.06613826 -0.2582524
vn 0.9638109 0.0661383 -0.2582524
vn 0.8659723 -0.443002 -0.2320367
vn 0.9149035 -0.3207089 -0.2451477
vn 0.6363518 -0.7523181 -0.17051
vn 0.7266836 -0.6587999 -0.1947144
vn 0.3097811 -0.9471778 -0.08300568
vn 0.4279071 -0.8965206 -0.1146575
vn -0.06388468 -0.9978104 0.01711776
vn 0.06388468 -0.9978104 -0.01711794
vn -0.4279071 -0.8965206 0.1146573
vn -0.3097811 -0.9471778 0.08300551
vn -0.7266834 -0.6587999 0.1947142
vn -0.6363519 -0.7523182 0.1705099
vn -0.9149035 -0.320709 0.2451476
vn -0.8659723 -0.4430021 0.2320366
vn -0.9638109 0.06613826 0.2582524
vn -0.9638109 -0.0661383 0.2582524
vn -0.8659723 0.443002 0.2320367
vn -0.9149035 0.3207089 0.2451477
vn -0.6363518 0.7523181 0.17051
vn -0.7266836 0.6587999 0.1947144
vn -0.3097811 0.9471778 0.08300568
vn -0.4279071 0.8965206 0.1146575
vn 0.06388468 0.9978104 -0.01711776
vn 0.4279071 0.8965206 -0.1146573
vn 0.3097811 0.9471778 -0.08300551
vn -0.06388468 0.9978104 0.01711794
vn 0.7266834 0.6587999 -0.1947142
vn 0.6363519 0.7523182 -0.1705099
vn 0.9149035 0.320709 -0.2451476
vn 0.8659723 0.4430021 -0.2320366
vn 0.9638109 -0.06613826 -0.2582524
vn 0.9638109 0.0661383 -0.2582524
vn 0.8659723 -0.443002 -0.2320367
vn 0.9149035 -0.3207089 -0.2451477
vn 0.6363518 -0.7523181 -0.17051
vn 0.7266836 -0.6587999 -0.1947144
vn 0.3097811 -0.9471778 -0.08300568
vn 0.4279071 -0.8965206 -0.1146575
vn -0.06388468 -0.9978104 0.01711776
vn 0.06388468 -0.9978104 -0.01711794
vn -0.4279071 -0.8965206 0.1146573
vn -0.3097811 -0.9471778 0.08300551
vn -0.7266834 -0.6587999 0.1947142
vn -0.6363519 -0.7523182 0.1705099
vn -0.9149035 -0.320709 0.2451476
vn -0.8659723 -0.4430021 0.2320366
vn -0.9638109 0.06613826 0.2582524
vn -0.9638109 -0.0661383 0.2582524
vn -0.8659723 0.443002 0.2320367
vn -0.9149035 0.3207089 0.2451477
vn -0.6363518 0.7523181 0.17051
vn -0.7266836 0.6587999 0.1947144
vn -0.3097811 0.9471778 0.08300568
vn -0.4279071 0.8965206 0.1146575
vn 0.2349069 0.706075 0.6680396
vn 0.1440916 0.7065368 0.6928516
vn 0.4081913 0.6681151 0.6220948
vn 0.4919716 0.6316351 0.5991669
vn 0.6380277 0.5279791 0.5604985
vn 0.7018832 0.4610945 0.5429106
vn 0.7985196 0.3074954 0.5175064
vn 0.8328115 0.2202822 0.5078394
vn 0.8653274 0.04014139 0.499597
vn 0.8647618 -0.05400126 0.4992704
vn 0.828217 -0.2332726 0.5095491
vn 0.7928603 -0.3201323 0.518544
vn 0.6928532 -0.4712198 0.545808
vn 0.6281281 -0.5374516 0.5626732
vn 0.4798851 -0.6373702 0.6028842
vn 0.395524 -0.6729957 0.6250102
vn 0.2216389 -0.7065369 0.6720727
vn 0.1305845 -0.7060751 0.6959926
vn -0.04245664 -0.6681152 0.7428454
vn -0.1264764 -0.6316352 0.7648795
vn -0.2722989 -0.5279793 0.8044198
vn -0.3363934 -0.4610946 0.8211159
vn -0.432785 -0.3074955 0.8474334
vn -0.4673162 -0.2202823 0.8562076
vn -0.499597 -0.04014151 0.8653274
vn -0.4992704 0.05400114 0.8647618
vn -0.4624823 0.2332725 0.8553911
vn -0.4273652 0.3201321 0.8455025
vn -0.3271243 0.4712197 0.8191103
vn -0.2626382 0.5374514 0.8013533
vn -0.1141505 0.6373701 0.7620557
vn -0.03002865 0.6729956 0.7390368
vn -0.1305845 0.7060751 -0.6959926
vn -0.2216389 0.7065369 -0.6720727
vn 0.04245667 0.6681153 -0.7428454
vn 0.1264764 0.6316352 -0.7648795
vn 0.2722989 0.5279793 -0.8044197
vn 0.3363934 0.4610946 -0.8211159
vn 0.432785 0.3074955 -0.8474334
vn 0.4673162 0.2202823 -0.8562075
vn 0.499597 0.04014151 -0.8653274
vn 0.4992704 -0.05400114 -0.8647618
vn 0.4624824 -0.2332725 -0.8553911
vn 0.4273651 -0.3201321 -0.8455025
vn 0.3271244 -0.4712197 -0.8191102
vn 0.2626382 -0.5374514 -0.8013533
vn 0.1141505 -0.6373701 -0.7620557
vn 0.03002866 -0.6729956 -0.7390367
vn -0.1440916 -0.7065368 -0.6928516
vn -0.2349069 -0.706075 -0.6680396
vn -0.4081914 -0.6681151 -0.6220948
vn -0.4919716 -0.6316351 -0.5991669
vn -0.6380277 -0.5279791 -0.5604985
vn -0.7018832 -0.4610944 -0.5429105
vn -0.7985196 -0.3074954 -0.5175064
vn -0.8328115 -0.2202822 -0.5078394
vn -0.8653274 -0.04014139 -0.499597
vn -0.8647618 0.05400126 -0.4992704
vn -0.828217 0.2332726 -0.5095491
vn -0.7928603 0.3201323 -0.518544
vn -0.6928532 0.4712198 -0.545808
vn -0.628128 0.5374516 -0.5626731
vn -0.4798851 0.6373702 -0.6028842
vn -0.395524 0.6729957 -0.6250101
vn 0.06388466 0.9978105 -0.01711776
vn 0.4279072 0.8965206 -0.1146573
vn 0.3097811 0.9471778 -0.08300551
vn -0.06388466 0.9978105 0.01711793
vn 0.7266835 0.6587999 -0.1947142
vn 0.6363518 0.7523181 -0.1705099
vn 0.9149035 0.320709 -0.2451477
vn 0.8659724 0.4430021 -0.2320366
vn 0.9638109 -0.06613825 -0.2582524
vn 0.9638109 0.06613829 -0.2582524
vn 0.8659724 -0.4430021 -0.2320367
vn 0.9149035 -0.3207089 -0.2451477
vn 0.6363519 -0.7523181 -0.1705101
vn 0.7266835 -0.6587999 -0.1947143
vn 0.3097811 -0.9471778 -0.08300568
vn 0.4279072 -0.8965206 -0.1146575
vn -0.06388466 -0.9978105 0.01711776
vn 0.06388466 -0.9978105 -0.01711793
vn -0.4279072 -0.8965206 0.1146573
vn -0.3097811 -0.9471778 0.08300551
vn -0.7266835 -0.6587999 0.1947142
vn -0.6363518 -0.7523181 0.1705099
vn -0.9149035 -0.320709 0.2451477
vn -0.8659724 -0.4430021 0.2320366
vn -0.9638109 0.06613825 0.2582524
vn -0.9638109 -0.06613829 0.2582524
vn -0.8659724 0.4430021 0.2320367
vn -0.9149035 0.3207089 0.2451477
vn -0.6363519 0.7523181 0.1705101
vn -0.7266835 0.6587999 0.1947143
vn -0.3097811 0.9471778 0.08300568
vn -0.4279072 0.8965206 0.1146575
vn 0.06388466 0.9978105 -0.01711776
vn 0.4279072 0.8965206 -0.1146573
vn 0.3097811 0.9471778 -0.08300551
vn -0.06388466 0.9978105 0.01711793
vn 0.7266835 0.6587999 -0.1947142
vn 0.6363518 0.7523181 -0.1705099
vn 0.9149035 0.320709 -0.2451477
vn 0.8659724 0.4430021 -0.2320366
vn 0.9638109 -0.06613825 -0.2582524
vn 0.9638109 0.06613829 -0.2582524
vn 0.8659724 -0.4430021 -0.2320367
vn 0.9149035 -0.3207089 -0.2451477
vn 0.6363519 -0.7523181 -0.1705101
vn 0.7266835 -0.6587999 -0.1947143
vn 0.3097811 -0.9471778 -0.08300568
vn 0.4279072 -0.8965206 -0.1146575
vn -0.06388466 -0.9978105 0.01711776
vn 0.06388466 -0.9978105 -0.01711793
vn -0.4279072 -0.8965206 0.1146573
vn -0.3097811 -0.9471778 0.08300551
vn -0.7266835 -0.6587999 0.1947142
vn -0.6363518 -0.7523181 0.1705099
vn -0.9149035 -0.320709 0.2451477
vn -0.8659724 -0.4430021 0.2320366
vn -0.9638109 0.06613825 0.2582524
vn -0.9638109 -0.06613829 0.2582524
vn -0.8659724 0.4430021 0.2320367
vn -0.9149035 0.3207089 0.2451477
vn -0.6363519 0.7523181 0.1705101
vn -0.7266835 0.6587999 0.1947143
vn -0.3097811 0.9471778 0.08300568
vn -0.4279072 0.8965206 0.1146575
vn 0.06388466 0.9978104 -0.01711776
vn 0.4279071 0.8965207 -0.1146573
vn 0.309781 0.9471778 -0.0830055
vn -0.06388466 0.9978104 0.01711793
vn 0.7266836 0.6588 -0.1947142
vn 0.6363518 0.7523181 -0.1705099
vn 0.9149035 0.320709 -0.2451476
vn 0.8659725 0.4430021 -0.2320366
vn 0.9638109 -0.06613825 -0.2582524
vn 0.9638109 0.06613829 -0.2582524
vn 0.8659725 -0.443002 -0.2320367
vn 0.9149035 -0.3207089 -0.2451477
vn 0.6363519 -0.7523182 -0.1705101
vn 0.7266835 -0.6587999 -0.1947143
vn 0.309781 -0.9471778 -0.08300567
vn 0.4279071 -0.8965207 -0.1146575
vn -0.06388466 -0.9978104 0.01711776
vn 0.06388466 -0.9978104 -0.01711793
vn -0.4279071 -0.8965207 0.1146573
vn -0.309781 -0.9471778 0.0830055
vn -0.7266836 -0.6588 0.1947142
vn -0.6363518 -0.7523181 0.1705099
vn -0.9149035 -0.320709 0.2451476
vn -0.8659725 -0.4430021 0.2320366
vn -0.9638109 0.06613825 0.2582524
vn -0.9638109 -0.06613829 0.2582524
vn -0.8659725 0.443002 0.2320367
vn -0.9149035 0.3207089 0.2451477
vn -0.6363519 0.7523182 0.1705101
vn -0.7266835 0.6587999 0.1947143
vn -0.309781 0.9471778 0.08300567
vn -0.4279071 0.8965207 0.1146575
vn -0.06388468 -0.9978104 0.01711776
vn -0.4279071 -0.8965206 0.1146573
vn -0.3097811 -0.9471778 0.08300551
vn 0.06388468 -0.9978104 -0.01711794
vn -0.7266834 -0.6587999 0.1947142
vn -0.6363519 -0.7523182 0.1705099
vn -0.9149035 -0.320709 0.2451476
vn -0.8659723 -0.4430021 0.2320366
vn -0.9638109 0.06613826 0.2582524
vn -0.9638109 -0.0661383 0.2582524
vn -0.8659723 0.443002 0.2320367
vn -0.9149035 0.3207089 0.2451477
vn -0.6363518 0.7523181 0.17051
vn -0.7266836 0.6587999 0.1947144
vn -0.3097811 0.9471778 0.08300568
vn -0.4279071 0.8965206 0.1146575
vn 0.06388468 0.9978104 -0.01711776
vn -0.06388468 0.9978104 0.01711794
vn 0.4279071 0.8965206 -0.1146573
vn 0.3097811 0.9471778 -0.08300551
vn 0.7266834 0.6587999 -0.1947142
vn 0.6363519 0.7523182 -0.1705099
vn 0.9149035 0.320709 -0.2451476
vn 0.8659723 0.4430021 -0.2320366
vn 0.9638109 -0.06613826 -0.2582524
vn 0.9638109 0.0661383 -0.2582524
vn 0.8659723 -0.443002 -0.2320367
vn 0.9149035 -0.3207089 -0.2451477
vn 0.6363518 -0.7523181 -0.17051
vn 0.7266836 -0.6587999 -0.1947144
vn 0.3097811 -0.9471778 -0.08300568
vn 0.4279071 -0.8965206 -0.1146575
vn 0.258819 -8.444391E-08 0.9659258
vn 0.2588191 -8.444392E-08 0.9659258
vn 0.2588191 -8.444392E-08 0.9659258
vn 0.2588191 -8.444392E-08 0.9659258
vn 0.2588191 -8.444392E-08 0.9659258
vn 0.258819 -8.444391E-08 0.9659258
vn 0.2588191 -8.444392E-08 0.9659258
vn 0.2588191 -8.444392E-08 0.9659258
vn 0.258819 -8.444391E-08 0.9659258
vn 0.2588191 -8.444392E-08 0.9659258
vn 0.2588191 -8.444392E-08 0.9659258
vn 0.2588191 -8.444392E-08 0.9659258
vn 0.2588191 -8.444392E-08 0.9659258
vn 0.2588191 -8.444392E-08 0.9659258
vn 0.2588191 -8.444392E-08 0.9659258
vn 0.2588191 -8.444392E-08 0.9659258
vn 0.2588191 -8.444392E-08 0.9659258
vn 0.2588191 -8.444392E-08 0.9659258
vn 0.2588191 -8.444392E-08 0.9659258
vn 0.2588191 -8.444392E-08 0.9659258
vn 0.2588191 -8.444392E-08 0.9659258
vn 0.2588191 -8.444392E-08 0.9659258
vn 0.2588191 -8.444392E-08 0.9659258
vn 0.2588191 -8.444392E-08 0.9659258
vn 0.258819 -8.444391E-08 0.9659258
vn 0.2588191 -8.444392E-08 0.9659258
vn 0.2588191 -8.444392E-08 0.9659258
vn 0.2588191 -8.444392E-08 0.9659258
vn 0.2588191 -8.444392E-08 0.9659258
vn 0.258819 -8.444391E-08 0.9659258
vn 0.2588191 -8.444392E-08 0.9659258
vn 0.2588191 -8.444392E-08 0.9659258
vn 0.258819 -8.444391E-08 0.9659258
vn 0.2588191 -8.444392E-08 0.9659258
vn 0.2588191 -8.444392E-08 0.9659258
vn 0.2588191 -8.444392E-08 0.9659258
vn 0.2588191 -8.444392E-08 0.9659258
vn 0.2588191 -8.444392E-08 0.9659258
vn 0.2588191 -8.444392E-08 0.9659258
vn 0.2588191 -8.444392E-08 0.9659258
vn 0.2588191 -8.444392E-08 0.9659258
vn 0.2588191 -8.444392E-08 0.9659258
vn 0.2588191 -8.444392E-08 0.9659258
vn 0.2588191 -8.444392E-08 0.9659258
vn 0.2588191 -8.444392E-08 0.9659258
vn 0.2588191 -8.444392E-08 0.9659258
vn 0.2588191 -8.444392E-08 0.9659258
vn 0.2588191 -8.444392E-08 0.9659258
vn 0.258819 -8.444391E-08 0.9659258
vn 0.2588191 -8.444392E-08 0.9659258
vn 0.2588191 -8.444392E-08 0.9659258
vn 0.2588191 -8.444392E-08 0.9659258
vn 0.2588191 -8.444392E-08 0.9659258
vn 0.258819 -8.444391E-08 0.9659258
vn 0.2588191 -8.444392E-08 0.9659258
vn 0.2588191 -8.444392E-08 0.9659258
vn 0.258819 -8.444391E-08 0.9659258
vn 0.2588191 -8.444392E-08 0.9659258
vn 0.2588191 -8.444392E-08 0.9659258
vn 0.2588191 -8.444392E-08 0.9659258
vn 0.2588191 -8.444392E-08 0.9659258
vn 0.2588191 -8.444392E-08 0.9659258
vn 0.2588191 -8.444392E-08 0.9659258
vn 0.2588191 -8.444392E-08 0.9659258
vn 0.2588191 -8.444392E-08 0.9659258
vn 0.2588191 -8.444392E-08 0.9659258
vn 0.2588191 -8.444392E-08 0.9659258
vn 0.2588191 -8.444392E-08 0.9659258
vn 0.2588191 -8.444392E-08 0.9659258
vn 0.2588191 -8.444392E-08 0.9659258
vn 0.2588191 -8.444392E-08 0.9659258
vn 0.2588191 -8.444392E-08 0.9659258
vn 0.258819 -8.444391E-08 0.9659258
vn 0.2588191 -8.444392E-08 0.9659258
vn 0.2588191 -8.444392E-08 0.9659258
vn 0.2588191 -8.444392E-08 0.9659258
vn 0.2588191 -8.444392E-08 0.9659258
vn 0.258819 -8.444391E-08 0.9659258
vn 0.2588191 -8.444392E-08 0.9659258
vn 0.2588191 -8.444392E-08 0.9659258
vn 0.258819 -8.444391E-08 0.9659258
vn 0.2588191 -8.444392E-08 0.9659258
vn 0.2588191 -8.444392E-08 0.9659258
vn 0.2588191 -8.444392E-08 0.9659258
vn 0.2588191 -8.444392E-08 0.9659258
vn 0.2588191 -8.444392E-08 0.9659258
vn 0.2588191 -8.444392E-08 0.9659258
vn 0.2588191 -8.444392E-08 0.9659258
vn 0.2588191 -8.444392E-08 0.9659258
vn 0.2588191 -8.444392E-08 0.9659258
vn 0.2588191 -8.444392E-08 0.9659258
vn 0.2588191 -8.444392E-08 0.9659258
vn 0.2588191 -8.444392E-08 0.9659258
vn 0.2588191 -8.444392E-08 0.9659258
vn 0.2588191 -8.444392E-08 0.9659258
vn 0.2588191 -8.444392E-08 0.9659258
vn 0.06388471 0.9978104 -0.01711777
vn 0.427907 0.8965206 -0.1146573
vn 0.3097811 0.9471778 -0.08300551
vn -0.06388471 0.9978104 0.01711794
vn 0.7266836 0.6587999 -0.1947142
vn 0.6363518 0.7523182 -0.1705099
vn 0.9149035 0.320709 -0.2451476
vn 0.8659723 0.443002 -0.2320366
vn 0.9638108 -0.06613829 -0.2582524
vn 0.9638108 0.06613833 -0.2582524
vn 0.8659723 -0.4430019 -0.2320367
vn 0.9149035 -0.3207089 -0.2451477
vn 0.6363518 -0.7523182 -0.17051
vn 0.7266836 -0.6587999 -0.1947144
vn 0.3097811 -0.9471778 -0.08300568
vn 0.427907 -0.8965206 -0.1146574
vn -0.06388471 -0.9978104 0.01711777
vn 0.06388471 -0.9978104 -0.01711794
vn -0.427907 -0.8965206 0.1146573
vn -0.3097811 -0.9471778 0.08300551
vn -0.7266836 -0.6587999 0.1947142
vn -0.6363518 -0.7523182 0.1705099
vn -0.9149035 -0.320709 0.2451476
vn -0.8659723 -0.443002 0.2320366
vn -0.9638108 0.06613829 0.2582524
vn -0.9638108 -0.06613833 0.2582524
vn -0.8659723 0.4430019 0.2320367
vn -0.9149035 0.3207089 0.2451477
vn -0.6363518 0.7523182 0.17051
vn -0.7266836 0.6587999 0.1947144
vn -0.3097811 0.9471778 0.08300568
vn -0.427907 0.8965206 0.1146574
vn -0.06388467 -0.9978105 0.01711776
vn -0.4279071 -0.8965206 0.1146573
vn -0.309781 -0.9471778 0.0830055
vn 0.06388467 -0.9978105 -0.01711793
vn -0.7266835 -0.6587999 0.1947142
vn -0.6363518 -0.7523181 0.1705099
vn -0.9149035 -0.320709 0.2451476
vn -0.8659723 -0.443002 0.2320366
vn -0.9638109 0.06613825 0.2582524
vn -0.9638109 -0.0661383 0.2582524
vn -0.8659723 0.443002 0.2320367
vn -0.9149035 0.3207089 0.2451477
vn -0.6363518 0.7523181 0.17051
vn -0.7266835 0.6587999 0.1947143
vn -0.309781 0.9471778 0.08300567
vn -0.4279071 0.8965206 0.1146574
vn 0.06388467 0.9978105 -0.01711776
vn -0.06388467 0.9978105 0.01711793
vn 0.4279071 0.8965206 -0.1146573
vn 0.309781 0.9471778 -0.0830055
vn 0.7266835 0.6587999 -0.1947142
vn 0.6363518 0.7523181 -0.1705099
vn 0.9149035 0.320709 -0.2451476
vn 0.8659723 0.443002 -0.2320366
vn 0.9638109 -0.06613825 -0.2582524
vn 0.9638109 0.0661383 -0.2582524
vn 0.8659723 -0.443002 -0.2320367
vn 0.9149035 -0.3207089 -0.2451477
vn 0.6363518 -0.7523181 -0.17051
vn 0.7266835 -0.6587999 -0.1947143
vn 0.309781 -0.9471778 -0.08300567
vn 0.4279071 -0.8965206 -0.1146574
vn 0.2588191 -8.444392E-08 0.9659258
vn 0.2588191 -8.444392E-08 0.9659258
vn 0.2588191 -8.444392E-08 0.9659258
vn 0.2588191 -8.444392E-08 0.9659258
vn 0.258819 -8.444391E-08 0.9659258
vn 0.2588191 -8.444392E-08 0.9659258
vn 0.2588191 -8.444392E-08 0.9659258
vn 0.2588191 -8.444392E-08 0.9659258
vn 0.2588191 -8.444392E-08 0.9659258
vn 0.2588191 -8.444392E-08 0.9659258
vn 0.2588191 -8.444392E-08 0.9659258
vn 0.2588191 -8.444392E-08 0.9659258
vn 0.2588191 -8.444392E-08 0.9659258
vn 0.258819 -8.444391E-08 0.9659258
vn 0.2588191 -8.444392E-08 0.9659258
vn 0.2588191 -8.444392E-08 0.9659258
vn 0.2588191 -8.444392E-08 0.9659258
vn 0.2588191 -8.444392E-08 0.9659258
vn 0.2588191 -8.444392E-08 0.9659258
vn 0.2588191 -8.444392E-08 0.9659258
vn 0.2588191 -8.444392E-08 0.9659258
vn 0.2588191 -8.444392E-08 0.9659258
vn 0.2588191 -8.444392E-08 0.9659258
vn 0.2588191 -8.444392E-08 0.9659258
vn 0.2588191 -8.444392E-08 0.9659258
vn 0.2588191 -8.444392E-08 0.9659258
vn 0.2588191 -8.444392E-08 0.9659258
vn 0.2588191 -8.444392E-08 0.9659258
vn 0.258819 -8.444391E-08 0.9659258
vn 0.2588191 -8.444392E-08 0.9659258
vn 0.2588191 -8.444392E-08 0.9659258
vn 0.2588191 -8.444392E-08 0.9659258
vn 0.2588191 -8.444392E-08 0.9659258
vn 0.2588191 -8.444392E-08 0.9659258
vn 0.2588191 -8.444392E-08 0.9659258
vn 0.2588191 -8.444392E-08 0.9659258
vn 0.2588191 -8.444392E-08 0.9659258
vn 0.258819 -8.444391E-08 0.9659258
vn 0.2588191 -8.444392E-08 0.9659258
vn 0.2588191 -8.444392E-08 0.9659258
vn 0.2588191 -8.444392E-08 0.9659258
vn 0.2588191 -8.444392E-08 0.9659258
vn 0.2588191 -8.444392E-08 0.9659258
vn 0.2588191 -8.444392E-08 0.9659258
vn 0.2588191 -8.444392E-08 0.9659258
vn 0.2588191 -8.444392E-08 0.9659258
vn 0.2588191 -8.444392E-08 0.9659258
vn 0.2588191 -8.444392E-08 0.9659258
vn 0.2588191 -8.444392E-08 0.9659258
vn 0.2588191 -8.444392E-08 0.9659258
vn 0.2588191 -8.444392E-08 0.9659258
vn 0.2588191 -8.444392E-08 0.9659258
vn 0.258819 -8.444391E-08 0.9659258
vn 0.2588191 -8.444392E-08 0.9659258
vn 0.2588191 -8.444392E-08 0.9659258
vn 0.2588191 -8.444392E-08 0.9659258
vn 0.2588191 -8.444392E-08 0.9659258
vn 0.2588191 -8.444392E-08 0.9659258
vn 0.2588191 -8.444392E-08 0.9659258
vn 0.2588191 -8.444392E-08 0.9659258
vn 0.2588191 -8.444392E-08 0.9659258
vn 0.258819 -8.444391E-08 0.9659258
vn 0.2588191 -8.444392E-08 0.9659258
vn 0.2588191 -8.444392E-08 0.9659258
vn 0.2588191 -8.444392E-08 0.9659258
vn 0.2588191 -8.444392E-08 0.9659258
vn 0.2588191 -8.444392E-08 0.9659258
vn 0.2588191 -8.444392E-08 0.9659258
vn 0.2588191 -8.444392E-08 0.9659258
vn 0.2588191 -8.444392E-08 0.9659258
vn 0.2588191 -8.444392E-08 0.9659258
vn 0.2588191 -8.444392E-08 0.9659258
vn 0.2588191 -8.444392E-08 0.9659258
vn 0.2588191 -8.444392E-08 0.9659258
vn 0.2588191 -8.444392E-08 0.9659258
vn 0.2588191 -8.444392E-08 0.9659258
vn 0.258819 -8.444391E-08 0.9659258
vn 0.2588191 -8.444392E-08 0.9659258
vn 0.2588191 -8.444392E-08 0.9659258
vn 0.2588191 -8.444392E-08 0.9659258
vn 0.2588191 -8.444392E-08 0.9659258
vn 0.2588191 -8.444392E-08 0.9659258
vn 0.2588191 -8.444392E-08 0.9659258
vn 0.2588191 -8.444392E-08 0.9659258
vn 0.2588191 -8.444392E-08 0.9659258
vn 0.258819 -8.444391E-08 0.9659258
vn 0.2588191 -8.444392E-08 0.9659258
vn 0.2588191 -8.444392E-08 0.9659258
vn 0.2588191 -8.444392E-08 0.9659258
vn 0.2588191 -8.444392E-08 0.9659258
vn 0.2588191 -8.444392E-08 0.9659258
vn 0.2588191 -8.444392E-08 0.9659258
vn 0.2588191 -8.444392E-08 0.9659258
vn 0.2588191 -8.444392E-08 0.9659258
vn 0.2588191 -8.444392E-08 0.9659258
vn 0.2588191 -8.444392E-08 0.9659258
vn 0.2588191 -8.444392E-08 0.9659258
vn 0.2588191 -8.444392E-08 0.9659258
vn 0.2588191 -8.444392E-08 0.9659258
vn 0.258819 -8.444391E-08 0.9659258
vn 0.2588191 -8.444392E-08 0.9659258
vn 0.2588191 -8.444392E-08 0.9659258
vn 0.2588191 -8.444392E-08 0.9659258
vn 0.2588191 -8.444392E-08 0.9659258
vn 0.2588191 -8.444392E-08 0.9659258
vn 0.2588191 -8.444392E-08 0.9659258
vn 0.2588191 -8.444392E-08 0.9659258
vn 0.258819 -8.444391E-08 0.9659258
vn 0.2588191 -8.444392E-08 0.9659258
vn 0.2588191 -8.444392E-08 0.9659258
vn 0.2588191 -8.444392E-08 0.9659258
vn 0.2588191 -8.444392E-08 0.9659258
vn 0.2588191 -8.444392E-08 0.9659258
vn 0.2588191 -8.444392E-08 0.9659258
vn 0.2588191 -8.444392E-08 0.9659258
vn 0.258819 -8.444391E-08 0.9659258
vn 0.2588191 -8.444392E-08 0.9659258
vn 0.2588191 -8.444392E-08 0.9659258
vn 0.2588191 -8.444392E-08 0.9659258
vn 0.2588191 -8.444392E-08 0.9659258
vn 0.2588191 -8.444392E-08 0.9659258
vn 0.2588191 -8.444392E-08 0.9659258
vn 0.2588191 -8.444392E-08 0.9659258
vn 0.258819 -8.444391E-08 0.9659258
vn 0.2588191 -8.444392E-08 0.9659258
vn 0.2588191 -8.444392E-08 0.9659258
vn 0.2588191 -8.444392E-08 0.9659258
vn 0.2588191 -8.444392E-08 0.9659258
vn 0.2588191 -8.444392E-08 0.9659258
vn 0.258819 -8.444391E-08 0.9659258
vn 0.2588191 -8.444392E-08 0.9659258
vn 0.2588191 -8.444392E-08 0.9659258
vn 0.258819 -8.444391E-08 0.9659258
vn 0.2588191 -8.444392E-08 0.9659258
vn 0.2588191 -8.444392E-08 0.9659258
vn 0.2588191 -8.444392E-08 0.9659258
vn 0.258819 -8.444391E-08 0.9659258
vn 0.2588191 -8.444392E-08 0.9659258
vn 0.2588191 -8.444392E-08 0.9659258
vn 0.2588191 -8.444392E-08 0.9659258
vn 0.258819 -8.444391E-08 0.9659258
vn 0.2588191 -8.444392E-08 0.9659258
vn 0.2588191 -8.444392E-08 0.9659258
vn 0.2588191 -8.444392E-08 0.9659258
vn -0.01317866 -0.9784376 0.2061218
vn 0.08042598 -0.995664 0.04674349
vn -0.2924058 -0.9449837 0.146645
vn -0.3700427 -0.8786449 0.3017475
vn -0.6181888 -0.750411 0.2339361
vn -0.6627634 -0.6451442 0.3801758
vn -0.8471869 -0.4416711 0.2952981
vn -0.8469432 -0.3133507 0.4295328
vn -0.9446641 -0.06558743 0.3214157
vn -0.8944505 0.06607785 0.442258
vn -0.8957103 0.3203968 0.3083001
vn -0.798057 0.4355317 0.4164337
vn -0.7077681 0.6576716 0.2579389
vn -0.5725141 0.7385769 0.3559937
vn -0.4095477 0.8947484 0.1780332
vn -0.2520247 0.9292556 0.2701249
vn -0.04627915 0.9956639 0.0806942
vn 0.114474 0.9784376 0.1719175
vn 0.3265533 0.9449837 -0.01920445
vn 0.4713401 0.8786449 0.07629977
vn 0.6523352 0.750411 -0.1064997
vn 0.7640578 0.6451441 -0.002139734
vn 0.8813344 0.4416711 -0.1678578
vn 0.9482408 0.3133507 -0.05148531
vn 0.9788109 0.06558742 -0.193978
vn 0.9957458 -0.06607788 -0.06421866
vn 0.9298579 -0.3203968 -0.1808596
vn 0.8993545 -0.4355318 -0.03838647
vn 0.7419146 -0.6576716 -0.1305026
vn 0.6738086 -0.738577 0.02204236
vn 0.4436953 -0.8947484 -0.05059281
vn 0.3533223 -0.9292556 0.1079225
vn -0.03905439 -0.9975548 -0.05795883
vn -0.4061486 -0.9129135 0.04040133
vn -0.7139658 -0.689313 0.1228838
vn -0.9157239 -0.3607504 0.1769432
vn -0.9806697 0.0227228 0.1943464
vn -0.8989131 0.4027661 0.1724373
vn -0.6829309 0.7214427 0.1145682
vn -0.3655642 0.9303176 0.02952843
vn 0.004842721 0.9975548 -0.06972086
vn 0.3719357 0.9129135 -0.1680856
vn 0.6797544 0.689313 -0.2505623
vn 0.8815117 0.3607504 -0.3046246
vn 0.9464581 -0.02272279 -0.322026
vn 0.8647003 -0.4027661 -0.3001216
vn 0.6487195 -0.7214427 -0.2422467
vn 0.331352 -0.9303176 -0.1572099
vn -0.114474 -0.9784376 -0.1719175
vn -0.4713401 -0.8786448 -0.07629963
vn -0.7640578 -0.6451442 0.002140094
vn -0.9482409 -0.3133507 0.05148535
vn -0.9957458 0.06607788 0.06421866
vn -0.8993544 0.4355318 0.03838658
vn -0.6738085 0.738577 -0.02204199
vn -0.3533223 0.9292557 -0.1079225
vn 0.01317866 0.9784376 -0.2061218
vn 0.3700427 0.8786448 -0.3017474
vn 0.6627635 0.6451442 -0.3801754
vn 0.8469433 0.3133507 -0.4295328
vn 0.8944505 -0.06607785 -0.442258
vn 0.798057 -0.4355318 -0.4164336
vn 0.5725142 -0.7385769 -0.3559934
vn 0.2520247 -0.9292557 -0.2701249
vn -0.2588191 8.444392E-08 -0.9659258
vn -0.2588191 8.444392E-08 -0.9659258
vn -0.2588191 8.444392E-08 -0.9659258
vn -0.258819 8.444391E-08 -0.9659258
vn -0.2588191 8.444392E-08 -0.9659258
vn -0.2588191 8.444392E-08 -0.9659258
vn -0.2588191 8.444392E-08 -0.9659258
vn -0.2588191 8.444392E-08 -0.9659258
vn -0.2588191 8.444392E-08 -0.9659258
vn -0.2588191 8.444392E-08 -0.9659258
vn -0.2588191 8.444392E-08 -0.9659258
vn -0.258819 8.444391E-08 -0.9659258
vn -0.2588191 8.444392E-08 -0.9659258
vn -0.2588191 8.444392E-08 -0.9659258
vn -0.2588191 8.444392E-08 -0.9659258
vn -0.2588191 8.444392E-08 -0.9659258
vn -0.2588191 8.444392E-08 -0.9659258
vn -0.2588191 8.444392E-08 -0.9659258
vn -0.2588191 8.444392E-08 -0.9659258
vn -0.258819 8.444391E-08 -0.9659258
vn -0.2588191 8.444392E-08 -0.9659258
vn -0.2588191 8.444392E-08 -0.9659258
vn -0.2588191 8.444392E-08 -0.9659258
vn -0.2588191 8.444392E-08 -0.9659258
vn -0.2588191 8.444392E-08 -0.9659258
vn -0.2588191 8.444392E-08 -0.9659258
vn -0.2588191 8.444392E-08 -0.9659258
vn -0.258819 8.444391E-08 -0.9659258
vn -0.2588191 8.444392E-08 -0.9659258
vn -0.2588191 8.444392E-08 -0.9659258
vn -0.2588191 8.444392E-08 -0.9659258
vn -0.2588191 8.444392E-08 -0.9659258
vn -0.2588191 8.444392E-08 -0.9659258
vn -0.258819 8.444391E-08 -0.9659258
vn -0.2588191 8.444392E-08 -0.9659258
vn -0.2588191 8.444392E-08 -0.9659258
vn -0.258819 8.444391E-08 -0.9659258
vn -0.2588191 8.444392E-08 -0.9659258
vn -0.2588191 8.444392E-08 -0.9659258
vn -0.2588191 8.444392E-08 -0.9659258
vn -0.258819 8.444391E-08 -0.9659258
vn -0.2588191 8.444392E-08 -0.9659258
vn -0.2588191 8.444392E-08 -0.9659258
vn -0.2588191 8.444392E-08 -0.9659258
vn -0.258819 8.444391E-08 -0.9659258
vn -0.2588191 8.444392E-08 -0.9659258
vn -0.2588191 8.444392E-08 -0.9659258
vn -0.2588191 8.444392E-08 -0.9659258
vn 0.06388466 0.9978104 -0.01711776
vn 0.4279071 0.8965207 -0.1146573
vn 0.309781 0.9471778 -0.0830055
vn -0.06388466 0.9978104 0.01711793
vn 0.7266836 0.6588 -0.1947142
vn 0.6363518 0.7523181 -0.1705099
vn 0.9149035 0.320709 -0.2451476
vn 0.8659725 0.4430021 -0.2320366
vn 0.9638109 -0.06613825 -0.2582524
vn 0.9638109 0.06613829 -0.2582524
vn 0.8659725 -0.443002 -0.2320367
vn 0.9149035 -0.3207089 -0.2451477
vn 0.6363519 -0.7523182 -0.1705101
vn 0.7266835 -0.6587999 -0.1947143
vn 0.309781 -0.9471778 -0.08300567
vn 0.4279071 -0.8965207 -0.1146575
vn -0.06388466 -0.9978104 0.01711776
vn 0.06388466 -0.9978104 -0.01711793
vn -0.4279071 -0.8965207 0.1146573
vn -0.309781 -0.9471778 0.0830055
vn -0.7266836 -0.6588 0.1947142
vn -0.6363518 -0.7523181 0.1705099
vn -0.9149035 -0.320709 0.2451476
vn -0.8659725 -0.4430021 0.2320366
vn -0.9638109 0.06613825 0.2582524
vn -0.9638109 -0.06613829 0.2582524
vn -0.8659725 0.443002 0.2320367
vn -0.9149035 0.3207089 0.2451477
vn -0.6363519 0.7523182 0.1705101
vn -0.7266835 0.6587999 0.1947143
vn -0.309781 0.9471778 0.08300567
vn -0.4279071 0.8965207 0.1146575
vn -0.06388468 -0.9978104 0.01711776
vn -0.4279071 -0.8965206 0.1146573
vn -0.3097811 -0.9471778 0.08300551
vn 0.06388468 -0.9978104 -0.01711794
vn -0.7266834 -0.6587999 0.1947142
vn -0.6363519 -0.7523182 0.1705099
vn -0.9149035 -0.320709 0.2451476
vn -0.8659723 -0.4430021 0.2320366
vn -0.9638109 0.06613826 0.2582524
vn -0.9638109 -0.0661383 0.2582524
vn -0.8659723 0.443002 0.2320367
vn -0.9149035 0.3207089 0.2451477
vn -0.6363518 0.7523181 0.17051
vn -0.7266836 0.6587999 0.1947144
vn -0.3097811 0.9471778 0.08300568
vn -0.4279071 0.8965206 0.1146575
vn 0.06388468 0.9978104 -0.01711776
vn -0.06388468 0.9978104 0.01711794
vn 0.4279071 0.8965206 -0.1146573
vn 0.3097811 0.9471778 -0.08300551
vn 0.7266834 0.6587999 -0.1947142
vn 0.6363519 0.7523182 -0.1705099
vn 0.9149035 0.320709 -0.2451476
vn 0.8659723 0.4430021 -0.2320366
vn 0.9638109 -0.06613826 -0.2582524
vn 0.9638109 0.0661383 -0.2582524
vn 0.8659723 -0.443002 -0.2320367
vn 0.9149035 -0.3207089 -0.2451477
vn 0.6363518 -0.7523181 -0.17051
vn 0.7266836 -0.6587999 -0.1947144
vn 0.3097811 -0.9471778 -0.08300568
vn 0.4279071 -0.8965206 -0.1146575
vn -0.258819 8.444391E-08 -0.9659258
vn -0.2588191 8.444392E-08 -0.9659258
vn -0.2588191 8.444392E-08 -0.9659258
vn -0.2588191 8.444392E-08 -0.9659258
vn -0.2588191 8.444392E-08 -0.9659258
vn -0.258819 8.444391E-08 -0.9659258
vn -0.2588191 8.444392E-08 -0.9659258
vn -0.2588191 8.444392E-08 -0.9659258
vn -0.258819 8.444391E-08 -0.9659258
vn -0.2588191 8.444392E-08 -0.9659258
vn -0.2588191 8.444392E-08 -0.9659258
vn -0.2588191 8.444392E-08 -0.9659258
vn -0.2588191 8.444392E-08 -0.9659258
vn -0.2588191 8.444392E-08 -0.9659258
vn -0.2588191 8.444392E-08 -0.9659258
vn -0.2588191 8.444392E-08 -0.9659258
vn -0.2588191 8.444392E-08 -0.9659258
vn -0.2588191 8.444392E-08 -0.9659258
vn -0.2588191 8.444392E-08 -0.9659258
vn -0.2588191 8.444392E-08 -0.9659258
vn -0.2588191 8.444392E-08 -0.9659258
vn -0.258819 8.444391E-08 -0.9659258
vn -0.2588191 8.444392E-08 -0.9659258
vn -0.2588191 8.444392E-08 -0.9659258
vn -0.258819 8.444391E-08 -0.9659258
vn -0.2588191 8.444392E-08 -0.9659258
vn -0.2588191 8.444392E-08 -0.9659258
vn -0.2588191 8.444392E-08 -0.9659258
vn -0.2588191 8.444392E-08 -0.9659258
vn -0.258819 8.444391E-08 -0.9659258
vn -0.2588191 8.444392E-08 -0.9659258
vn -0.2588191 8.444392E-08 -0.9659258
vn -0.258819 8.444391E-08 -0.9659258
vn -0.2588191 8.444392E-08 -0.9659258
vn -0.2588191 8.444392E-08 -0.9659258
vn -0.2588191 8.444392E-08 -0.9659258
vn -0.2588191 8.444392E-08 -0.9659258
vn -0.2588191 8.444392E-08 -0.9659258
vn -0.2588191 8.444392E-08 -0.9659258
vn -0.2588191 8.444392E-08 -0.9659258
vn -0.2588191 8.444392E-08 -0.9659258
vn -0.2588191 8.444392E-08 -0.9659258
vn -0.2588191 8.444392E-08 -0.9659258
vn -0.2588191 8.444392E-08 -0.9659258
vn -0.2588191 8.444392E-08 -0.9659258
vn -0.258819 8.444391E-08 -0.9659258
vn -0.2588191 8.444392E-08 -0.9659258
vn -0.2588191 8.444392E-08 -0.9659258
vn -0.258819 8.444391E-08 -0.9659258
vn -0.2588191 8.444392E-08 -0.9659258
vn -0.2588191 8.444392E-08 -0.9659258
vn -0.2588191 8.444392E-08 -0.9659258
vn -0.2588191 8.444392E-08 -0.9659258
vn -0.258819 8.444391E-08 -0.9659258
vn -0.2588191 8.444392E-08 -0.9659258
vn -0.2588191 8.444392E-08 -0.9659258
vn -0.258819 8.444391E-08 -0.9659258
vn -0.2588191 8.444392E-08 -0.9659258
vn -0.2588191 8.444392E-08 -0.9659258
vn -0.2588191 8.444392E-08 -0.9659258
vn -0.2588191 8.444392E-08 -0.9659258
vn -0.2588191 8.444392E-08 -0.9659258
vn -0.2588191 8.444392E-08 -0.9659258
vn -0.2588191 8.444392E-08 -0.9659258
vn -0.2588191 8.444392E-08 -0.9659258
vn -0.2588191 8.444392E-08 -0.9659258
vn -0.2588191 8.444392E-08 -0.9659258
vn -0.2588191 8.444392E-08 -0.9659258
vn -0.2588191 8.444392E-08 -0.9659258
vn -0.258819 8.444391E-08 -0.9659258
vn -0.2588191 8.444392E-08 -0.9659258
vn -0.2588191 8.444392E-08 -0.9659258
vn -0.258819 8.444391E-08 -0.9659258
vn -0.2588191 8.444392E-08 -0.9659258
vn -0.2588191 8.444392E-08 -0.9659258
vn -0.2588191 8.444392E-08 -0.9659258
vn -0.2588191 8.444392E-08 -0.9659258
vn -0.258819 8.444391E-08 -0.9659258
vn -0.2588191 8.444392E-08 -0.9659258
vn -0.2588191 8.444392E-08 -0.9659258
vn -0.258819 8.444391E-08 -0.9659258
vn -0.2588191 8.444392E-08 -0.9659258
vn -0.2588191 8.444392E-08 -0.9659258
vn -0.2588191 8.444392E-08 -0.9659258
vn -0.2588191 8.444392E-08 -0.9659258
vn -0.2588191 8.444392E-08 -0.9659258
vn -0.2588191 8.444392E-08 -0.9659258
vn -0.2588191 8.444392E-08 -0.9659258
vn -0.2588191 8.444392E-08 -0.9659258
vn -0.2588191 8.444392E-08 -0.9659258
vn -0.2588191 8.444392E-08 -0.9659258
vn -0.2588191 8.444392E-08 -0.9659258
vn -0.2588191 8.444392E-08 -0.9659258
vn -0.258819 8.444391E-08 -0.9659258
vn -0.2588191 8.444392E-08 -0.9659258
vn -0.2588191 8.444392E-08 -0.9659258
vn 0.9659258 2.262668E-08 -0.2588191
vn 0.9659258 2.262668E-08 -0.2588191
vn 0.9659258 2.262668E-08 -0.2588191
vn 0.9659258 2.262668E-08 -0.2588191
vn 0.3696022 0.9238974 -0.09903455
vn 0.3696022 0.9238974 -0.09903455
vn 0.3696022 0.9238974 -0.09903455
vn 0.3696022 0.9238974 -0.09903455
vn 0.3097811 0.9471778 -0.08300551
vn 0.1883863 0.9807969 -0.05047787
vn 0.1883863 0.9807969 -0.05047787
vn 0.427907 0.8965206 -0.1146573
vn 0.6363518 0.7523182 -0.1705099
vn 0.7266836 0.6587999 -0.1947142
vn 0.8659723 0.443002 -0.2320366
vn 0.9149035 0.320709 -0.2451476
vn 0.9638108 0.06613833 -0.2582524
vn 0.9638108 -0.06613829 -0.2582524
vn 0.9473771 -0.1950318 -0.253849
vn 0.9473771 -0.1950318 -0.253849
vn -0.309781 -0.9471778 0.0830055
vn -0.1883861 -0.9807969 0.05047784
vn -0.1883861 -0.9807969 0.05047784
vn -0.4279071 -0.8965206 0.1146573
vn -0.6363518 -0.7523181 0.1705099
vn -0.7266835 -0.6587999 0.1947142
vn -0.8659723 -0.443002 0.2320366
vn -0.9149035 -0.320709 0.2451476
vn -0.9638109 -0.0661383 0.2582524
vn -0.9638109 0.06613825 0.2582524
vn -0.947377 0.1950317 0.253849
vn -0.947377 0.1950317 0.253849
vn -0.2588191 8.444392E-08 -0.9659258
vn -0.258819 8.444391E-08 -0.9659258
vn -0.2588191 8.444392E-08 -0.9659258
vn -0.2588191 8.444392E-08 -0.9659258
vn -0.2588191 8.444392E-08 -0.9659258
vn -0.2588191 8.444392E-08 -0.9659258
vn -0.2588191 8.444392E-08 -0.9659258
vn -0.2588191 8.444392E-08 -0.9659258
vn -0.258819 8.444391E-08 -0.9659258
vn -0.258819 8.444391E-08 -0.9659258
vn -0.2588191 8.444392E-08 -0.9659258
vn -0.2588191 8.444392E-08 -0.9659258
vn -0.9659258 -2.262668E-08 0.2588191
vn -0.9659258 -2.262668E-08 0.2588191
vn -0.9659258 -2.262668E-08 0.2588191
vn -0.9659258 -2.262668E-08 0.2588191
vn -0.6829842 -0.7071364 0.183005
vn -0.6829842 -0.7071364 0.183005
vn -0.6829842 -0.7071364 0.183005
vn -0.6829842 -0.7071364 0.183005
vn -0.1883863 -0.9807969 0.05047787
vn -0.1883863 -0.9807969 0.05047787
vn -0.3097811 -0.9471778 0.08300551
vn -0.427907 -0.8965206 0.1146573
vn -0.6363518 -0.7523182 0.1705099
vn -0.7266836 -0.6587999 0.1947142
vn -0.8659723 -0.443002 0.2320366
vn -0.9149035 -0.320709 0.2451476
vn -0.9638108 -0.06613833 0.2582524
vn -0.9638108 0.06613829 0.2582524
vn -0.9149035 0.3207089 0.2451477
vn -0.8659723 0.4430019 0.2320367
vn -0.803089 0.5556461 0.2151871
vn -0.803089 0.5556461 0.2151871
vn 0.1883861 0.9807969 -0.05047784
vn 0.1883861 0.9807969 -0.05047784
vn 0.309781 0.9471778 -0.0830055
vn 0.4279071 0.8965206 -0.1146573
vn 0.6363518 0.7523181 -0.1705099
vn 0.7266835 0.6587999 -0.1947142
vn 0.8659723 0.443002 -0.2320366
vn 0.9149035 0.320709 -0.2451476
vn 0.9638109 0.0661383 -0.2582524
vn 0.9638109 -0.06613825 -0.2582524
vn 0.9149035 -0.3207089 -0.2451477
vn 0.8659723 -0.443002 -0.2320367
vn 0.8030889 -0.5556462 -0.2151871
vn 0.8030889 -0.5556462 -0.2151871
vn -0.2588191 8.444392E-08 -0.9659258
vn -0.258819 8.444391E-08 -0.9659258
vn -0.2588191 8.444392E-08 -0.9659258
vn -0.2588191 8.444392E-08 -0.9659258
vn -0.2588191 8.444392E-08 -0.9659258
vn -0.2588191 8.444392E-08 -0.9659258
vn -0.2588191 8.444392E-08 -0.9659258
vn -0.2588191 8.444392E-08 -0.9659258
vn -0.258819 8.444391E-08 -0.9659258
vn -0.258819 8.444391E-08 -0.9659258
vn -0.258819 8.444391E-08 -0.9659258
vn -0.2588191 8.444392E-08 -0.9659258
vn -0.2588191 8.444392E-08 -0.9659258
vn -0.2588191 8.444392E-08 -0.9659258
vt 8 -1
vt 7.3151 2.4443
vt 9.3151 4.4443
vt 9 1
vt 5.3639 5.3639
vt 7.3639 7.3639
vt 2.4443 7.3151
vt 4.4443 9.3151
vt 9 8
vt 1 10
vt 4.8708 7.3151
vt 4.8708 9.3151
vt 0 5.3639
vt 0 7.3639
vt -4.8708 2.4443
vt -4.8708 4.4443
vt -10 -1
vt -9 1
vt -9.3151 -4.4443
vt -7.3151 -2.4443
vt -12.7278 -7.3639
vt -5.3639 -5.3639
vt -11.7594 -9.3151
vt -11.7594 -7.3151
vt -9 -10
vt -9 -8
vt -4.8708 -9.3151
vt -4.8708 -7.3151
vt 0 -7.3639
vt 0 -5.3639
vt 4.8708 -4.4443
vt 4.8708 -2.4443
vt 7 -1
vt 6.3912 2.0616
vt 7.3151 2.4443
vt 8 -1
vt 4.6568 4.6568
vt 5.3639 5.3639
vt 2.0616 6.3912
vt 2.4443 7.3151
vt -1 7
vt -1 8
vt -4.0616 6.3912
vt -4.4443 7.3151
vt -6.6568 4.6568
vt -7.3639 5.3639
vt -8.3912 2.0616
vt -9.3151 2.4443
vt -9 -1
vt -10 -1
vt -8.3912 -4.0616
vt -9.3151 -4.4443
vt -6.6568 -6.6568
vt -7.3639 -7.3639
vt -4.0616 -8.3912
vt -4.4443 -9.3151
vt -1 -9
vt -1 -10
vt 2.0616 -8.3912
vt 2.4443 -9.3151
vt 4.6568 -6.6568
vt 5.3639 -7.3639
vt 6.3912 -4.0616
vt 7.3151 -4.4443
vt 9 1
vt 8.3912 4.0616
vt 9.3151 4.4443
vt 10 1
vt 6.6568 6.6568
vt 7.3639 7.3639
vt 4.0616 8.3912
vt 4.4443 9.3151
vt 1 9
vt 1 10
vt -2.0616 8.3912
vt -2.4443 9.3151
vt -4.6568 6.6568
vt -5.3639 7.3639
vt -6.3912 4.0616
vt -7.3151 4.4443
vt -7 1
vt -8 1
vt -6.3912 -2.0616
vt -7.3151 -2.4443
vt -4.6568 -4.6568
vt -5.3639 -5.3639
vt -2.0616 -6.3912
vt -2.4443 -7.3151
vt 1 -7
vt 1 -8
vt 4.0616 -6.3912
vt 4.4443 -7.3151
vt 6.6568 -4.6568
vt 7.3639 -5.3639
vt 8.3912 -2.0616
vt 9.3151 -2.4443
vt 10 2
vt 9.3912 5.0616
vt 8.3912 4.0616
vt 8 1
vt 7.6568 7.6568
vt 6.6568 6.6568
vt 5.0616 9.3912
vt 4.0616 8.3912
vt 8 10
vt 1 9
vt 4.3296 9.3912
vt 4.3296 8.3912
vt 0 7.6568
vt 0 6.6568
vt -4.3296 5.0616
vt -4.3296 4.0616
vt -6 2
vt -8 1
vt -5.3912 -1.0616
vt -6.3912 -2.0616
vt -11.3136 -3.6568
vt -4.6568 -4.6568
vt -10.4528 -5.3912
vt -10.4528 -6.3912
vt -8 -6
vt -8 -7
vt -4.3296 -5.3912
vt -4.3296 -6.3912
vt 0 -3.6568
vt 0 -4.6568
vt 4.3296 -1.0616
vt 4.3296 -2.0616
vt 6 -2
vt 5.3912 1.0616
vt 6.3912 2.0616
vt 8 -1
vt 3.6568 3.6568
vt 4.6568 4.6568
vt 1.0616 5.3912
vt 2.0616 6.3912
vt 8 6
vt -1 7
vt 4.3296 5.3912
vt 4.3296 6.3912
vt 0 3.6568
vt 0 4.6568
vt -4.3296 1.0616
vt -4.3296 2.0616
vt -10 -2
vt -8 -1
vt -9.3912 -5.0616
vt -8.3912 -4.0616
vt -11.3136 -7.6568
vt -6.6568 -6.6568
vt -10.4528 -9.3912
vt -10.4528 -8.3912
vt -8 -10
vt -8 -9
vt -4.3296 -9.3912
vt -4.3296 -8.3912
vt 0 -7.6568
vt 0 -6.6568
vt 4.3296 -5.0616
vt 4.3296 -4.0616
vt 8 -2
vt 10 -4
vt 13.066 -0.1730001
vt 10.4528 1.0616
vt 14.142 3.071
vt 3.6568 3.6568
vt -0.1730001 5.239
vt 1.0616 5.3912
vt -4 10
vt -2 8
vt -7.827 5.239
vt -5.0616 5.3912
vt -11.071 3.071
vt -7.6568 3.6568
vt -13.239 -0.1730001
vt -9.3912 1.0616
vt -14 -4
vt -10 -2
vt -13.239 -7.827
vt -9.3912 -5.0616
vt -11.071 -11.071
vt -11.3136 -7.6568
vt -13.066 -13.239
vt -10.4528 -9.3912
vt -10 -14
vt -8 -10
vt -5.412001 -13.239
vt -4.3296 -9.3912
vt 0 -11.071
vt 0 -7.6568
vt 5.412001 -7.827
vt 4.3296 -5.0616
vt 10 2
vt 14 4
vt 13.239 7.827
vt 9.3912 5.0616
vt 11.071 11.071
vt 7.6568 7.6568
vt 7.827 13.239
vt 5.0616 9.3912
vt 4 14
vt 2 10
vt 0.1730001 13.239
vt -1.0616 9.3912
vt -3.071 11.071
vt -3.6568 7.6568
vt -5.239 7.827
vt -5.3912 5.0616
vt -10 4
vt -8 2
vt -5.239 0.1730001
vt -5.3912 -1.0616
vt -3.071 -3.071
vt -3.6568 -3.6568
vt 0.1730001 -5.239
vt -1.0616 -5.3912
vt 4 -10
vt 2 -8
vt 7.827 -5.239
vt 5.0616 -5.3912
vt 11.071 -3.071
vt 7.6568 -3.6568
vt 13.239 0.1730001
vt 9.3912 -1.0616
vt 15 5
vt 14.239 8.827
vt 13.239 7.827
vt 10 4
vt 12.071 12.071
vt 11.071 11.071
vt 8.827 14.239
vt 7.827 13.239
vt 10 15
vt 4 14
vt 5.412001 14.239
vt 5.412001 13.239
vt 0 12.071
vt 0 11.071
vt -5.412001 8.827
vt -5.412001 7.827
vt -5 5
vt -10 4
vt -4.239 1.173
vt -5.239 0.1730001
vt -14.142 -2.071
vt -3.071 -3.071
vt -13.066 -4.239
vt -13.066 -5.239
vt -10 -5
vt -10 -6
vt -5.412001 -4.239
vt -5.412001 -5.239
vt 0 -2.071
vt 0 -3.071
vt 5.412001 1.173
vt 5.412001 0.1730001
vt 5 -5
vt 4.239 -1.173
vt 5.239 -0.1730001
vt 10 -4
vt 2.071 2.071
vt 3.071 3.071
vt -1.173 4.239
vt -0.1730001 5.239
vt 10 5
vt -4 6
vt 5.412001 4.239
vt 5.412001 5.239
vt 0 2.071
vt 0 3.071
vt -5.412001 -1.173
vt -5.412001 -0.1730001
vt -15 -5
vt -10 -4
vt -14.239 -8.827
vt -13.239 -7.827
vt -14.142 -12.071
vt -11.071 -11.071
vt -13.066 -14.239
vt -13.066 -13.239
vt -10 -15
vt -10 -14
vt -5.412001 -14.239
vt -5.412001 -13.239
vt 0 -12.071
vt 0 -11.071
vt 5.412001 -8.827
vt 5.412001 -7.827
vt 10 -5
vt 8.8585 0.7405
vt 8.3585 0.2405
vt 15 -5.5
vt 5.6065 5.6065
vt 5.1065 5.1065
vt 0.7405 8.8585
vt 0.2405 8.3585
vt 15 10
vt -5.5 9.5
vt 8.118 8.8585
vt 8.118 8.3585
vt 0 5.6065
vt 0 5.1065
vt -8.118 0.7405
vt -8.118 0.2405
vt -20 -5
vt -15 -5.5
vt -18.8585 -10.7405
vt -19.3585 -11.2405
vt -21.213 -15.6065
vt -16.1065 -16.1065
vt -19.599 -18.8585
vt -19.599 -19.3585
vt -15 -20
vt -15 -20.5
vt -8.118 -18.8585
vt -8.118 -19.3585
vt 0 -15.6065
vt 0 -16.1065
vt 8.118 -10.7405
vt 8.118 -11.2405
vt 11 -5
vt 9.7824 1.1232
vt 9.2824 0.6231999
vt 16 -5.5
vt 22.6272 6.3136
vt 5.8136 5.8136
vt 20.9056 9.7824
vt 20.9056 9.2824
vt 16 11
vt 16 10.5
vt 8.659201 9.7824
vt 8.659201 9.2824
vt 0 6.3136
vt 0 5.8136
vt -8.659201 1.1232
vt -8.659201 0.6231999
vt -21 -5
vt -16 -5.5
vt -19.7824 -11.1232
vt -20.2824 -11.6232
vt -16.3136 -16.3136
vt -16.8136 -16.8136
vt -11.1232 -19.7824
vt -11.6232 -20.2824
vt -16 -21
vt -5.5 -21.5
vt -8.659201 -19.7824
vt -8.659201 -20.2824
vt 0 -16.3136
vt 0 -16.8136
vt 8.659201 -11.1232
vt 8.659201 -11.6232
vt 9.5 -5.5
vt 9.371 -3.5425
vt 10.3624 -3.412
vt 10.5 -5.5
vt 8.9885 -1.618
vt 9.9544 -1.3592
vt 8.3585 0.2405
vt 9.2824 0.6231999
vt 7.49 2
vt 8.356 2.5
vt 6.401 3.632
vt 7.1944 4.2408
vt 5.1065 5.1065
vt 5.8136 5.8136
vt 3.632 6.401
vt 4.2408 7.1944
vt 2 7.49
vt 2.5 8.356
vt 0.2405 8.3585
vt 0.6231999 9.2824
vt -1.618 8.9885
vt -1.3592 9.9544
vt -3.5425 9.371
vt -3.412 10.3624
vt -5.5 9.5
vt -5.5 10.5
vt -7.4575 9.371
vt -7.588 10.3624
vt -9.382 8.9885
vt -9.6408 9.9544
vt -11.2405 8.3585
vt -11.6232 9.2824
vt -13 7.49
vt -13.5 8.356
vt -14.632 6.401
vt -15.2408 7.1944
vt -16.1065 5.1065
vt -16.8136 5.8136
vt -17.401 3.632
vt -18.1944 4.2408
vt -18.49 2
vt -19.356 2.5
vt -19.3585 0.2405
vt -20.2824 0.6231999
vt -19.9885 -1.618
vt -20.9544 -1.3592
vt -20.371 -3.5425
vt -21.3624 -3.412
vt -20.5 -5.5
vt -21.5 -5.5
vt -20.371 -7.4575
vt -21.3624 -7.588
vt -19.9885 -9.382
vt -20.9544 -9.6408
vt -19.3585 -11.2405
vt -20.2824 -11.6232
vt -18.49 -13
vt -19.356 -13.5
vt -17.401 -14.632
vt -18.1944 -15.2408
vt -16.1065 -16.1065
vt -16.8136 -16.8136
vt -14.632 -17.401
vt -15.2408 -18.1944
vt -13 -18.49
vt -13.5 -19.356
vt -11.2405 -19.3585
vt -11.6232 -20.2824
vt -9.382 -19.9885
vt -9.6408 -20.9544
vt -7.4575 -20.371
vt -7.588 -21.3624
vt -5.5 -20.5
vt -5.5 -21.5
vt -3.5425 -20.371
vt -3.412 -21.3624
vt -1.618 -19.9885
vt -1.3592 -20.9544
vt 0.2405 -19.3585
vt 0.6231999 -20.2824
vt 2 -18.49
vt 2.5 -19.356
vt 3.632 -17.401
vt 4.2408 -18.1944
vt 5.1065 -16.1065
vt 5.8136 -16.8136
vt 6.401 -14.632
vt 7.1944 -15.2408
vt 7.49 -13
vt 8.356 -13.5
vt 8.3585 -11.2405
vt 9.2824 -11.6232
vt 8.9885 -9.382
vt 9.9544 -9.6408
vt 9.371 -7.4575
vt 10.3624 -7.588
vt 7 -5
vt 6.0868 -0.4075999
vt 5.5868 -0.9075999
vt 12 -5.5
vt 3.4852 3.4852
vt 2.9852 2.9852
vt -0.4075999 6.0868
vt -0.9075999 5.5868
vt 12 7
vt -5.5 6.5
vt 6.4944 6.0868
vt 6.4944 5.5868
vt 0 3.4852
vt 0 2.9852
vt -6.4944 -0.4075999
vt -6.4944 -0.9075999
vt -17 -5
vt -12 -5.5
vt -16.0868 -9.5924
vt -16.5868 -10.0924
vt -16.9704 -13.4852
vt -13.9852 -13.9852
vt -15.6792 -16.0868
vt -15.6792 -16.5868
vt -12 -17
vt -12 -17.5
vt -6.4944 -16.0868
vt -6.4944 -16.5868
vt 0 -13.4852
vt 0 -13.9852
vt 6.4944 -9.5924
vt 6.4944 -10.0924
vt 8 -5
vt 7.0107 -0.02489996
vt 6.5107 -0.5249
vt 13 -5.5
vt 18.3846 4.1923
vt 3.6923 3.6923
vt 16.9858 7.0107
vt 16.9858 6.5107
vt 13 8
vt 13 7.5
vt 7.0356 7.0107
vt 7.0356 6.5107
vt 0 4.1923
vt 0 3.6923
vt -7.0356 -0.02489996
vt -7.0356 -0.5249
vt -18 -5
vt -13 -5.5
vt -17.0107 -9.9751
vt -17.5107 -10.4751
vt -14.1923 -14.1923
vt -14.6923 -14.6923
vt -9.9751 -17.0107
vt -10.4751 -17.5107
vt -13 -18
vt -5.5 -18.5
vt -7.0356 -17.0107
vt -7.0356 -17.5107
vt 0 -14.1923
vt 0 -14.6923
vt 7.0356 -9.9751
vt 7.0356 -10.4751
vt 6.5 -5.5
vt 6.3968 -3.934
vt 7.3882 -3.8035
vt 7.5 -5.5
vt 6.0908 -2.3944
vt 7.0567 -2.1356
vt 5.5868 -0.9075999
vt 6.5107 -0.5249
vt 4.892 0.5
vt 5.758 1
vt 4.0208 1.8056
vt 4.8142 2.4144
vt 2.9852 2.9852
vt 3.6923 3.6923
vt 1.8056 4.0208
vt 2.4144 4.8142
vt 0.5 4.892
vt 1 5.758
vt -0.9075999 5.5868
vt -0.5249 6.5107
vt -2.3944 6.0908
vt -2.1356 7.0567
vt -3.934 6.3968
vt -3.8035 7.3882
vt -5.5 6.5
vt -5.5 7.5
vt -7.066 6.3968
vt -7.1965 7.3882
vt -8.6056 6.0908
vt -8.8644 7.0567
vt -10.0924 5.5868
vt -10.4751 6.5107
vt -11.5 4.892
vt -12 5.758
vt -12.8056 4.0208
vt -13.4144 4.8142
vt -13.9852 2.9852
vt -14.6923 3.6923
vt -15.0208 1.8056
vt -15.8142 2.4144
vt -15.892 0.5
vt -16.758 1
vt -16.5868 -0.9075999
vt -17.5107 -0.5249
vt -17.0908 -2.3944
vt -18.0567 -2.1356
vt -17.3968 -3.934
vt -18.3882 -3.8035
vt -17.5 -5.5
vt -18.5 -5.5
vt -17.3968 -7.066
vt -18.3882 -7.1965
vt -17.0908 -8.6056
vt -18.0567 -8.8644
vt -16.5868 -10.0924
vt -17.5107 -10.4751
vt -15.892 -11.5
vt -16.758 -12
vt -15.0208 -12.8056
vt -15.8142 -13.4144
vt -13.9852 -13.9852
vt -14.6923 -14.6923
vt -12.8056 -15.0208
vt -13.4144 -15.8142
vt -11.5 -15.892
vt -12 -16.758
vt -10.0924 -16.5868
vt -10.4751 -17.5107
vt -8.6056 -17.0908
vt -8.8644 -18.0567
vt -7.066 -17.3968
vt -7.1965 -18.3882
vt -5.5 -17.5
vt -5.5 -18.5
vt -3.934 -17.3968
vt -3.8035 -18.3882
vt -2.3944 -17.0908
vt -2.1356 -18.0567
vt -0.9075999 -16.5868
vt -0.5249 -17.5107
vt 0.5 -15.892
vt 1 -16.758
vt 1.8056 -15.0208
vt 2.4144 -15.8142
vt 2.9852 -13.9852
vt 3.6923 -14.6923
vt 4.0208 -12.8056
vt 4.8142 -13.4144
vt 4.892 -11.5
vt 5.758 -12
vt 5.5868 -10.0924
vt 6.5107 -10.4751
vt 6.0908 -8.6056
vt 7.0567 -8.8644
vt 6.3968 -7.066
vt 7.3882 -7.1965
vt -5 -20
vt -5 -15
vt -8.827 -14.239
vt -10.7405 -18.8585
vt -12.071 -12.071
vt -15.6065 -15.6065
vt -14.239 -8.827
vt -18.8585 -10.7405
vt -15 -5
vt -20 -5
vt -14.239 -1.173
vt -18.8585 0.7405
vt -12.071 2.071
vt -15.6065 5.6065
vt -8.827 4.239
vt -10.7405 8.8585
vt -5 5
vt -5 10
vt -1.173 4.239
vt 0.7405 8.8585
vt 2.071 2.071
vt 5.6065 5.6065
vt 4.239 -1.173
vt 8.8585 0.7405
vt 5 -5
vt 10 -5
vt 4.239 -8.827
vt 8.8585 -10.7405
vt 2.071 -12.071
vt 5.6065 -15.6065
vt -1.173 -14.239
vt 0.7405 -18.8585
vt 11.168 -11.697
vt 12.5 -5
vt 7.374249 -17.37425
vt 1.697001 -21.168
vt -5 -22.5
vt -11.697 -21.168
vt -17.37425 -17.37425
vt -21.168 -11.697
vt -22.5 -5
vt -21.168 1.697001
vt -17.37425 7.374249
vt -11.697 11.168
vt -5 12.5
vt 1.697001 11.168
vt 7.374249 7.374249
vt 11.168 1.697001
vt 12.5 -5
vt 15.5 -2.5
vt 14.1302 4.3886
vt 11.16825 1.69725
vt 10.2278 10.2278
vt 24.7485 7.37425
vt 23.5188 14.1302
vt 22.8655 11.16825
vt 18 15.5
vt 17.5 12.5
vt 9.7416 14.1302
vt 9.470999 11.16825
vt 0 10.2278
vt 0 7.37425
vt -9.7416 4.3886
vt -9.470999 1.69725
vt -18 -2.5
vt -17.5 -5
vt -19.1302 -9.388599
vt -21.16825 -11.69725
vt -15.2278 -15.2278
vt -17.37425 -17.37425
vt -9.388599 -19.1302
vt -11.69725 -21.16825
vt -18 -20.5
vt -17.5 -22.5
vt -9.7416 -19.1302
vt -9.470999 -21.16825
vt 0 -15.2278
vt 0 -17.37425
vt 9.7416 -9.388599
vt 9.470999 -11.69725
vt 18 2.5
vt 19.1302 9.388599
vt 25.4556 15.2278
vt 23.5188 19.1302
vt 18 20.5
vt 9.7416 19.1302
vt 0 15.2278
vt -9.7416 9.388599
vt -15.5 2.5
vt -14.1302 -4.3886
vt -10.2278 -10.2278
vt -4.3886 -14.1302
vt 2.5 -15.5
vt -9.7416 -14.1302
vt 0 -10.2278
vt 9.7416 -4.3886
vt 17.5 5
vt 21.16825 11.69725
vt 24.7485 17.37425
vt 22.8655 21.16825
vt 17.5 22.5
vt 9.470999 21.16825
vt 0 17.37425
vt -9.470999 11.69725
vt -12.5 5
vt -11.16825 -1.69725
vt -7.37425 -7.37425
vt -1.69725 -11.16825
vt 5 -12.5
vt -9.470999 -11.16825
vt 0 -7.37425
vt 9.470999 -1.69725
vt 5 20
vt 5 15
vt 1.173 14.239
vt -0.7405 18.8585
vt -2.071 12.071
vt -5.6065 15.6065
vt -4.239 8.827
vt -8.8585 10.7405
vt -5 5
vt -10 5
vt -4.239 1.173
vt -8.8585 -0.7405
vt -2.071 -2.071
vt -5.6065 -5.6065
vt 1.173 -4.239
vt -0.7405 -8.8585
vt 5 -5
vt 5 -10
vt 8.827 -4.239
vt 10.7405 -8.8585
vt 12.071 -2.071
vt 15.6065 -5.6065
vt 14.239 1.173
vt 18.8585 -0.7405
vt 15 5
vt 20 5
vt 14.239 8.827
vt 18.8585 10.7405
vt 12.071 12.071
vt 15.6065 15.6065
vt 8.827 14.239
vt 10.7405 18.8585
vt 21.168 11.697
vt 22.5 5
vt 17.37425 17.37425
vt 11.697 21.168
vt 5 22.5
vt -1.697001 21.168
vt -7.374249 17.37425
vt -11.168 11.697
vt -12.5 5
vt -11.168 -1.697001
vt -7.374249 -7.374249
vt -1.697001 -11.168
vt 5 -12.5
vt 11.697 -11.168
vt 17.37425 -7.374249
vt 21.168 -1.697001
vt 20 5
vt 18.8585 10.7405
vt 19.3585 11.2405
vt 15 5.5
vt 15.6065 15.6065
vt 16.1065 16.1065
vt 10.7405 18.8585
vt 11.2405 19.3585
vt 15 20
vt 5.5 20.5
vt 8.118 18.8585
vt 8.118 19.3585
vt 0 15.6065
vt 0 16.1065
vt -8.118 10.7405
vt -8.118 11.2405
vt -10 5
vt -15 5.5
vt -8.8585 -0.7405
vt -8.3585 -0.2405
vt -21.213 -5.6065
vt -5.1065 -5.1065
vt -19.599 -8.8585
vt -19.599 -8.3585
vt -15 -10
vt -15 -9.5
vt -8.118 -8.8585
vt -8.118 -8.3585
vt 0 -5.6065
vt 0 -5.1065
vt 8.118 -0.7405
vt 8.118 -0.2405
vt 21 5
vt 19.7824 11.1232
vt 20.2824 11.6232
vt 16 5.5
vt 22.6272 16.3136
vt 16.8136 16.8136
vt 20.9056 19.7824
vt 20.9056 20.2824
vt 16 21
vt 16 21.5
vt 8.659201 19.7824
vt 8.659201 20.2824
vt 0 16.3136
vt 0 16.8136
vt -8.659201 11.1232
vt -8.659201 11.6232
vt -11 5
vt -16 5.5
vt -9.7824 -1.1232
vt -9.2824 -0.6231999
vt -6.3136 -6.3136
vt -5.8136 -5.8136
vt -1.1232 -9.7824
vt -0.6231999 -9.2824
vt -16 -11
vt 5.5 -10.5
vt -8.659201 -9.7824
vt -8.659201 -9.2824
vt 0 -6.3136
vt 0 -5.8136
vt 8.659201 -1.1232
vt 8.659201 -0.6231999
vt 20.5 5.5
vt 20.371 7.4575
vt 21.3624 7.588
vt 21.5 5.5
vt 19.9885 9.382
vt 20.9544 9.6408
vt 19.3585 11.2405
vt 20.2824 11.6232
vt 18.49 13
vt 19.356 13.5
vt 17.401 14.632
vt 18.1944 15.2408
vt 16.1065 16.1065
vt 16.8136 16.8136
vt 14.632 17.401
vt 15.2408 18.1944
vt 13 18.49
vt 13.5 19.356
vt 11.2405 19.3585
vt 11.6232 20.2824
vt 9.382 19.9885
vt 9.6408 20.9544
vt 7.4575 20.371
vt 7.588 21.3624
vt 5.5 20.5
vt 5.5 21.5
vt 3.5425 20.371
vt 3.412 21.3624
vt 1.618 19.9885
vt 1.3592 20.9544
vt -0.2405 19.3585
vt -0.6231999 20.2824
vt -2 18.49
vt -2.5 19.356
vt -3.632 17.401
vt -4.2408 18.1944
vt -5.1065 16.1065
vt -5.8136 16.8136
vt -6.401 14.632
vt -7.1944 15.2408
vt -7.49 13
vt -8.356 13.5
vt -8.3585 11.2405
vt -9.2824 11.6232
vt -8.9885 9.382
vt -9.9544 9.6408
vt -9.371 7.4575
vt -10.3624 7.588
vt -9.5 5.5
vt -10.5 5.5
vt -9.371 3.5425
vt -10.3624 3.412
vt -8.9885 1.618
vt -9.9544 1.3592
vt -8.3585 -0.2405
vt -9.2824 -0.6231999
vt -7.49 -2
vt -8.356 -2.5
vt -6.401 -3.632
vt -7.1944 -4.2408
vt -5.1065 -5.1065
vt -5.8136 -5.8136
vt -3.632 -6.401
vt -4.2408 -7.1944
vt -2 -7.49
vt -2.5 -8.356
vt -0.2405 -8.3585
vt -0.6231999 -9.2824
vt 1.618 -8.9885
vt 1.3592 -9.9544
vt 3.5425 -9.371
vt 3.412 -10.3624
vt 5.5 -9.5
vt 5.5 -10.5
vt 7.4575 -9.371
vt 7.588 -10.3624
vt 9.382 -8.9885
vt 9.6408 -9.9544
vt 11.2405 -8.3585
vt 11.6232 -9.2824
vt 13 -7.49
vt 13.5 -8.356
vt 14.632 -6.401
vt 15.2408 -7.1944
vt 16.1065 -5.1065
vt 16.8136 -5.8136
vt 17.401 -3.632
vt 18.1944 -4.2408
vt 18.49 -2
vt 19.356 -2.5
vt 19.3585 -0.2405
vt 20.2824 -0.6231999
vt 19.9885 1.618
vt 20.9544 1.3592
vt 20.371 3.5425
vt 21.3624 3.412
vt 13 5.5
vt 13 5
vt 12 5
vt 12 5.5
vt 0.9077997 16.5866
vt 0.4077997 16.0866
vt 0.02519989 17.0104
vt 0.5251999 17.5104
vt 16.5868 10.0924
vt 17.5 5.5
vt 17 5
vt 16.0868 9.5924
vt 13.9852 13.9852
vt 13.4852 13.4852
vt 10.0924 16.5868
vt 9.5924 16.0868
vt 5.5 17.5
vt 12 17
vt 6.4944 16.5868
vt 6.4944 16.0868
vt 17.5107 10.4751
vt 18.5 5.5
vt 18 5
vt 17.0107 9.9751
vt 14.6923 14.6923
vt 18.3846 14.1923
vt 16.9858 17.5107
vt 16.9858 17.0107
vt 13 18.5
vt 13 18
vt 7.0356 17.5107
vt 7.0356 17.0107
vt 17.5 5.5
vt 16.5868 10.0924
vt 17.5107 10.4751
vt 18.5 5.5
vt 13.9852 13.9852
vt 14.6923 14.6923
vt 10.0924 16.5868
vt 10.4751 17.5107
vt 5.5 17.5
vt 5.5 18.5
vt 0.9075999 16.5868
vt 0.5249 17.5107
vt -13 5.5
vt -13 5
vt -12 5
vt -12 5.5
vt 13.9855 -2.98547
vt 13.4855 -3.48547
vt 14.1925 -4.19253
vt 14.6925 -3.69253
vt -6.5 5.5
vt -7 5
vt -6.0868 0.4075999
vt -5.5868 0.9075999
vt -3.4852 -3.4852
vt -16.9704 -2.9852
vt -15.6792 -6.0868
vt -15.6792 -5.5868
vt -12 -7
vt -12 -6.5
vt -6.4944 -6.0868
vt -6.4944 -5.5868
vt 0 -3.4852
vt 0 -2.9852
vt -7.5 5.5
vt -8 5
vt -7.0107 0.02489996
vt -6.5107 0.5249
vt -4.1923 -4.1923
vt -3.6923 -3.6923
vt 0.02489996 -7.0107
vt 0.5249 -6.5107
vt 5 -8
vt -13 -7.5
vt -7.0356 -7.0107
vt -7.0356 -6.5107
vt 0 -4.1923
vt 0 -3.6923
vt -6.5 5.5
vt -5.5868 0.9075999
vt -6.5107 0.5249
vt -7.5 5.5
vt -2.9852 -2.9852
vt -3.6923 -3.6923
vt 0.9075999 -5.5868
vt 0.5249 -6.5107
vt 5.5 -6.5
vt 5.5 -7.5
vt 10.0924 -5.5868
vt 10.4751 -6.5107
vt 13.9852 -2.9852
vt 14.6923 -3.6923
usemtl 72
f 3/3/3 2/2/2 1/1/1
f 1/1/1 4/4/4 3/3/3
f 6/6/6 5/5/5 2/2/2
f 2/2/2 3/3/3 6/6/6
f 8/8/8 7/7/7 5/5/5
f 5/5/5 6/6/6 8/8/8
f 10/10/10 9/9/9 7/7/7
f 7/7/7 8/8/8 10/10/10
f 12/12/12 11/11/11 9/9/9
f 9/9/9 10/10/10 12/12/12
f 14/14/14 13/13/13 11/11/11
f 11/11/11 12/12/12 14/14/14
f 16/16/16 15/15/15 13/13/13
f 13/13/13 14/14/14 16/16/16
f 18/18/18 17/17/17 15/15/15
f 15/15/15 16/16/16 18/18/18
f 20/20/20 19/19/19 17/17/17
f 17/17/17 18/18/18 20/20/20
f 22/22/22 21/21/21 19/19/19
f 19/19/19 20/20/20 22/22/22
f 24/24/24 23/23/23 21/21/21
f 21/21/21 22/22/22 24/24/24
f 26/26/26 25/25/25 23/23/23
f 23/23/23 24/24/24 26/26/26
f 28/28/28 27/27/27 25/25/25
f 25/25/25 26/26/26 28/28/28
f 30/30/30 29/29/29 27/27/27
f 27/27/27 28/28/28 30/30/30
f 32/32/32 31/31/31 29/29/29
f 29/29/29 30/30/30 32/32/32
f 4/4/4 1/1/1 31/31/31
f 31/31/31 32/32/32 4/4/4
f 35/35/35 34/34/34 33/33/33
f 33/33/33 36/36/36 35/35/35
f 38/38/38 37/37/37 34/34/34
f 34/34/34 35/35/35 38/38/38
f 40/40/40 39/39/39 37/37/37
f 37/37/37 38/38/38 40/40/40
f 42/42/42 41/41/41 39/39/39
f 39/39/39 40/40/40 42/42/42
f 44/44/44 43/43/43 41/41/41
f 41/41/41 42/42/42 44/44/44
f 46/46/46 45/45/45 43/43/43
f 43/43/43 44/44/44 46/46/46
f 48/48/48 47/47/47 45/45/45
f 45/45/45 46/46/46 48/48/48
f 50/50/50 49/49/49 47/47/47
f 47/47/47 48/48/48 50/50/50
f 52/52/52 51/51/51 49/49/49
f 49/49/49 50/50/50 52/52/52
f 54/54/54 53/53/53 51/51/51
f 51/51/51 52/52/52 54/54/54
f 56/56/56 55/55/55 53/53/53
f 53/53/53 54/54/54 56/56/56
f 58/58/58 57/57/57 55/55/55
f 55/55/55 56/56/56 58/58/58
f 60/60/60 59/59/59 57/57/57
f 57/57/57 58/58/58 60/60/60
f 62/62/62 61/61/61 59/59/59
f 59/59/59 60/60/60 62/62/62
f 64/64/64 63/63/63 61/61/61
f 61/61/61 62/62/62 64/64/64
f 36/36/36 33/33/33 63/63/63
f 63/63/63 64/64/64 36/36/36
f 65/65/65 66/66/66 67/67/67
f 67/67/67 68/68/68 65/65/65
f 66/66/66 69/69/69 70/70/70
f 70/70/70 67/67/67 66/66/66
f 69/69/69 71/71/71 72/72/72
f 72/72/72 70/70/70 69/69/69
f 71/71/71 73/73/73 74/74/74
f 74/74/74 72/72/72 71/71/71
f 73/73/73 75/75/75 76/76/76
f 76/76/76 74/74/74 73/73/73
f 75/75/75 77/77/77 78/78/78
f 78/78/78 76/76/76 75/75/75
f 77/77/77 79/79/79 80/80/80
f 80/80/80 78/78/78 77/77/77
f 79/79/79 81/81/81 82/82/82
f 82/82/82 80/80/80 79/79/79
f 81/81/81 83/83/83 84/84/84
f 84/84/84 82/82/82 81/81/81
f 83/83/83 85/85/85 86/86/86
f 86/86/86 84/84/84 83/83/83
f 85/85/85 87/87/87 88/88/88
f 88/88/88 86/86/86 85/85/85
f 87/87/87 89/89/89 90/90/90
f 90/90/90 88/88/88 87/87/87
f 89/89/89 91/91/91 92/92/92
f 92/92/92 90/90/90 89/89/89
f 91/91/91 93/93/93 94/94/94
f 94/94/94 92/92/92 91/91/91
f 93/93/93 95/95/95 96/96/96
f 96/96/96 94/94/94 93/93/93
f 95/95/95 65/65/65 68/68/68
f 68/68/68 96/96/96 95/95/95
f 97/97/97 98/98/98 99/99/99
f 99/99/99 100/100/100 97/97/97
f 98/98/98 101/101/101 102/102/102
f 102/102/102 99/99/99 98/98/98
f 101/101/101 103/103/103 104/104/104
f 104/104/104 102/102/102 101/101/101
f 103/103/103 105/105/105 106/106/106
f 106/106/106 104/104/104 103/103/103
f 105/105/105 107/107/107 108/108/108
f 108/108/108 106/106/106 105/105/105
f 107/107/107 109/109/109 110/110/110
f 110/110/110 108/108/108 107/107/107
f 109/109/109 111/111/111 112/112/112
f 112/112/112 110/110/110 109/109/109
f 111/111/111 113/113/113 114/114/114
f 114/114/114 112/112/112 111/111/111
f 113/113/113 115/115/115 116/116/116
f 116/116/116 114/114/114 113/113/113
f 115/115/115 117/117/117 118/118/118
f 118/118/118 116/116/116 115/115/115
f 117/117/117 119/119/119 120/120/120
f 120/120/120 118/118/118 117/117/117
f 119/119/119 121/121/121 122/122/122
f 122/122/122 120/120/120 119/119/119
f 121/121/121 123/123/123 124/124/124
f 124/124/124 122/122/122 121/121/121
f 123/123/123 125/125/125 126/126/126
f 126/126/126 124/124/124 123/123/123
f 125/125/125 127/127/127 128/128/128
f 128/128/128 126/126/126 125/125/125
f 127/127/127 97/97/97 100/100/100
f 100/100/100 128/128/128 127/127/127
f 131/131/131 130/130/130 129/129/129
f 129/129/129 132/132/132 131/131/131
f 134/134/134 133/133/133 130/130/130
f 130/130/130 131/131/131 134/134/134
f 136/136/136 135/135/135 133/133/133
f 133/133/133 134/134/134 136/136/136
f 138/138/138 137/137/137 135/135/135
f 135/135/135 136/136/136 138/138/138
f 140/140/140 139/139/139 137/137/137
f 137/137/137 138/138/138 140/140/140
f 142/142/142 141/141/141 139/139/139
f 139/139/139 140/140/140 142/142/142
f 144/144/144 143/143/143 141/141/141
f 141/141/141 142/142/142 144/144/144
f 146/146/146 145/145/145 143/143/143
f 143/143/143 144/144/144 146/146/146
f 148/148/148 147/147/147 145/145/145
f 145/145/145 146/146/146 148/148/148
f 150/150/150 149/149/149 147/147/147
f 147/147/147 148/148/148 150/150/150
f 152/152/152 151/151/151 149/149/149
f 149/149/149 150/150/150 152/152/152
f 154/154/154 153/153/153 151/151/151
f 151/151/151 152/152/152 154/154/154
f 156/156/156 155/155/155 153/153/153
f 153/153/153 154/154/154 156/156/156
f 158/158/158 157/157/157 155/155/155
f 155/155/155 156/156/156 158/158/158
f 160/160/160 159/159/159 157/157/157
f 157/157/157 158/158/158 160/160/160
f 132/132/132 129/129/129 159/159/159
f 159/159/159 160/160/160 132/132/132
f 163/163/163 162/162/162 161/161/161
f 161/161/161 164/164/164 163/163/163
f 165/165/165 163/163/163 164/164/164
f 164/164/164 166/166/166 165/165/165
f 167/167/167 165/165/165 166/166/166
f 166/166/166 168/168/168 167/167/167
f 169/169/169 167/167/167 168/168/168
f 168/168/168 170/170/170 169/169/169
f 171/171/171 169/169/169 170/170/170
f 170/170/170 172/172/172 171/171/171
f 173/173/173 171/171/171 172/172/172
f 172/172/172 174/174/174 173/173/173
f 175/175/175 173/173/173 174/174/174
f 174/174/174 176/176/176 175/175/175
f 177/177/177 175/175/175 176/176/176
f 176/176/176 178/178/178 177/177/177
f 179/179/179 177/177/177 178/178/178
f 178/178/178 180/180/180 179/179/179
f 181/181/181 179/179/179 180/180/180
f 180/180/180 182/182/182 181/181/181
f 183/183/183 181/181/181 182/182/182
f 182/182/182 184/184/184 183/183/183
f 185/185/185 183/183/183 184/184/184
f 184/184/184 186/186/186 185/185/185
f 187/187/187 185/185/185 186/186/186
f 186/186/186 188/188/188 187/187/187
f 189/189/189 187/187/187 188/188/188
f 188/188/188 190/190/190 189/189/189
f 191/191/191 189/189/189 190/190/190
f 190/190/190 192/192/192 191/191/191
f 162/162/162 191/191/191 192/192/192
f 192/192/192 161/161/161 162/162/162
f 193/193/193 194/194/194 195/195/195
f 195/195/195 196/196/196 193/193/193
f 196/196/196 195/195/195 197/197/197
f 197/197/197 198/198/198 196/196/196
f 198/198/198 197/197/197 199/199/199
f 199/199/199 200/200/200 198/198/198
f 200/200/200 199/199/199 201/201/201
f 201/201/201 202/202/202 200/200/200
f 202/202/202 201/201/201 203/203/203
f 203/203/203 204/204/204 202/202/202
f 204/204/204 203/203/203 205/205/205
f 205/205/205 206/206/206 204/204/204
f 206/206/206 205/205/205 207/207/207
f 207/207/207 208/208/208 206/206/206
f 208/208/208 207/207/207 209/209/209
f 209/209/209 210/210/210 208/208/208
f 210/210/210 209/209/209 211/211/211
f 211/211/211 212/212/212 210/210/210
f 212/212/212 211/211/211 213/213/213
f 213/213/213 214/214/214 212/212/212
f 214/214/214 213/213/213 215/215/215
f 215/215/215 216/216/216 214/214/214
f 216/216/216 215/215/215 217/217/217
f 217/217/217 218/218/218 216/216/216
f 218/218/218 217/217/217 219/219/219
f 219/219/219 220/220/220 218/218/218
f 220/220/220 219/219/219 221/221/221
f 221/221/221 222/222/222 220/220/220
f 222/222/222 221/221/221 223/223/223
f 223/223/223 224/224/224 222/222/222
f 224/224/224 223/223/223 194/194/194
f 194/194/194 193/193/193 224/224/224
f 225/225/225 226/226/226 227/227/227
f 227/227/227 228/228/228 225/225/225
f 226/226/226 229/229/229 230/230/230
f 230/230/230 227/227/227 226/226/226
f 229/229/229 231/231/231 232/232/232
f 232/232/232 230/230/230 229/229/229
f 231/231/231 233/233/233 234/234/234
f 234/234/234 232/232/232 231/231/231
f 233/233/233 235/235/235 236/236/236
f 236/236/236 234/234/234 233/233/233
f 235/235/235 237/237/237 238/238/238
f 238/238/238 236/236/236 235/235/235
f 237/237/237 239/239/239 240/240/240
f 240/240/240 238/238/238 237/237/237
f 239/239/239 241/241/241 242/242/242
f 242/242/242 240/240/240 239/239/239
f 241/241/241 243/243/243 244/244/244
f 244/244/244 242/242/242 241/241/241
f 243/243/243 245/245/245 246/246/246
f 246/246/246 244/244/244 243/243/243
f 245/245/245 247/247/247 248/248/248
f 248/248/248 246/246/246 245/245/245
f 247/247/247 249/249/249 250/250/250
f 250/250/250 248/248/248 247/247/247
f 249/249/249 251/251/251 252/252/252
f 252/252/252 250/250/250 249/249/249
f 251/251/251 253/253/253 254/254/254
f 254/254/254 252/252/252 251/251/251
f 253/253/253 255/255/255 256/256/256
f 256/256/256 254/254/254 253/253/253
f 255/255/255 225/225/225 228/228/228
f 228/228/228 256/256/256 255/255/255
f 259/259/259 258/258/258 257/257/257
f 257/257/257 260/260/260 259/259/259
f 262/262/262 261/261/261 258/258/258
f 258/258/258 259/259/259 262/262/262
f 264/264/264 263/263/263 261/261/261
f 261/261/261 262/262/262 264/264/264
f 266/266/266 265/265/265 263/263/263
f 263/263/263 264/264/264 266/266/266
f 268/268/268 267/267/267 265/265/265
f 265/265/265 266/266/266 268/268/268
f 270/270/270 269/269/269 267/267/267
f 267/267/267 268/268/268 270/270/270
f 272/272/272 271/271/271 269/269/269
f 269/269/269 270/270/270 272/272/272
f 274/274/274 273/273/273 271/271/271
f 271/271/271 272/272/272 274/274/274
f 276/276/276 275/275/275 273/273/273
f 273/273/273 274/274/274 276/276/276
f 278/278/278 277/277/277 275/275/275
f 275/275/275 276/276/276 278/278/278
f 280/280/280 279/279/279 277/277/277
f 277/277/277 278/278/278 280/280/280
f 282/282/282 281/281/281 279/279/279
f 279/279/279 280/280/280 282/282/282
f 284/284/284 283/283/283 281/281/281
f 281/281/281 282/282/282 284/284/284
f 286/286/286 285/285/285 283/283/283
f 283/283/283 284/284/284 286/286/286
f 288/288/288 287/287/287 285/285/285
f 285/285/285 286/286/286 288/288/288
f 260/260/260 257/257/257 287/287/287
f 287/287/287 288/288/288 260/260/260
f 289/289/289 290/290/290 291/291/291
f 291/291/291 292/292/292 289/289/289
f 290/290/290 293/293/293 294/294/294
f 294/294/294 291/291/291 290/290/290
f 293/293/293 295/295/295 296/296/296
f 296/296/296 294/294/294 293/293/293
f 295/295/295 297/297/297 298/298/298
f 298/298/298 296/296/296 295/295/295
f 297/297/297 299/299/299 300/300/300
f 300/300/300 298/298/298 297/297/297
f 299/299/299 301/301/301 302/302/302
f 302/302/302 300/300/300 299/299/299
f 301/301/301 303/303/303 304/304/304
f 304/304/304 302/302/302 301/301/301
f 303/303/303 305/305/305 306/306/306
f 306/306/306 304/304/304 303/303/303
f 305/305/305 307/307/307 308/308/308
f 308/308/308 306/306/306 305/305/305
f 307/307/307 309/309/309 310/310/310
f 310/310/310 308/308/308 307/307/307
f 309/309/309 311/311/311 312/312/312
f 312/312/312 310/310/310 309/309/309
f 311/311/311 313/313/313 314/314/314
f 314/314/314 312/312/312 311/311/311
f 313/313/313 315/315/315 316/316/316
f 316/316/316 314/314/314 313/313/313
f 315/315/315 317/317/317 318/318/318
f 318/318/318 316/316/316 315/315/315
f 317/317/317 319/319/319 320/320/320
f 320/320/320 318/318/318 317/317/317
f 319/319/319 289/289/289 292/292/292
f 292/292/292 320/320/320 319/319/319
f 323/323/323 322/322/322 321/321/321
f 321/321/321 324/324/324 323/323/323
f 326/326/326 325/325/325 322/322/322
f 322/322/322 323/323/323 326/326/326
f 328/328/328 327/327/327 325/325/325
f 325/325/325 326/326/326 328/328/328
f 330/330/330 329/329/329 327/327/327
f 327/327/327 328/328/328 330/330/330
f 332/332/332 331/331/331 329/329/329
f 329/329/329 330/330/330 332/332/332
f 334/334/334 333/333/333 331/331/331
f 331/331/331 332/332/332 334/334/334
f 336/336/336 335/335/335 333/333/333
f 333/333/333 334/334/334 336/336/336
f 338/338/338 337/337/337 335/335/335
f 335/335/335 336/336/336 338/338/338
f 340/340/340 339/339/339 337/337/337
f 337/337/337 338/338/338 340/340/340
f 342/342/342 341/341/341 339/339/339
f 339/339/339 340/340/340 342/342/342
f 344/344/344 343/343/343 341/341/341
f 341/341/341 342/342/342 344/344/344
f 346/346/346 345/345/345 343/343/343
f 343/343/343 344/344/344 346/346/346
f 348/348/348 347/347/347 345/345/345
f 345/345/345 346/346/346 348/348/348
f 350/350/350 349/349/349 347/347/347
f 347/347/347 348/348/348 350/350/350
f 352/352/352 351/351/351 349/349/349
f 349/349/349 350/350/350 352/352/352
f 324/324/324 321/321/321 351/351/351
f 351/351/351 352/352/352 324/324/324
f 353/353/353 354/354/354 355/355/355
f 355/355/355 356/356/356 353/353/353
f 354/354/354 357/357/357 358/358/358
f 358/358/358 355/355/355 354/354/354
f 357/357/357 359/359/359 360/360/360
f 360/360/360 358/358/358 357/357/357
f 359/359/359 361/361/361 362/362/362
f 362/362/362 360/360/360 359/359/359
f 361/361/361 363/363/363 364/364/364
f 364/364/364 362/362/362 361/361/361
f 363/363/363 365/365/365 366/366/366
f 366/366/366 364/364/364 363/363/363
f 365/365/365 367/367/367 368/368/368
f 368/368/368 366/366/366 365/365/365
f 367/367/367 369/369/369 370/370/370
f 370/370/370 368/368/368 367/367/367
f 369/369/369 371/371/371 372/372/372
f 372/372/372 370/370/370 369/369/369
f 371/371/371 373/373/373 374/374/374
f 374/374/374 372/372/372 371/371/371
f 373/373/373 375/375/375 376/376/376
f 376/376/376 374/374/374 373/373/373
f 375/375/375 377/377/377 378/378/378
f 378/378/378 376/376/376 375/375/375
f 377/377/377 379/379/379 380/380/380
f 380/380/380 378/378/378 377/377/377
f 379/379/379 381/381/381 382/382/382
f 382/382/382 380/380/380 379/379/379
f 381/381/381 383/383/383 384/384/384
f 384/384/384 382/382/382 381/381/381
f 383/383/383 385/385/385 386/386/386
f 386/386/386 384/384/384 383/383/383
f 385/385/385 387/387/387 388/388/388
f 388/388/388 386/386/386 385/385/385
f 387/387/387 389/389/389 390/390/390
f 390/390/390 388/388/388 387/387/387
f 389/389/389 391/391/391 392/392/392
f 392/392/392 390/390/390 389/389/389
f 391/391/391 393/393/393 394/394/394
f 394/394/394 392/392/392 391/391/391
f 393/393/393 395/395/395 396/396/396
f 396/396/396 394/394/394 393/393/393
f 395/395/395 397/397/397 398/398/398
f 398/398/398 396/396/396 395/395/395
f 397/397/397 399/399/399 400/400/400
f 400/400/400 398/398/398 397/397/397
f 399/399/399 401/401/401 402/402/402
f 402/402/402 400/400/400 399/399/399
f 401/401/401 403/403/403 404/404/404
f 404/404/404 402/402/402 401/401/401
f 403/403/403 405/405/405 406/406/406
f 406/406/406 404/404/404 403/403/403
f 405/405/405 407/407/407 408/408/408
f 408/408/408 406/406/406 405/405/405
f 407/407/407 409/409/409 410/410/410
f 410/410/410 408/408/408 407/407/407
f 409/409/409 411/411/411 412/412/412
f 412/412/412 410/410/410 409/409/409
f 411/411/411 413/413/413 414/414/414
f 414/414/414 412/412/412 411/411/411
f 413/413/413 415/415/415 416/416/416
f 416/416/416 414/414/414 413/413/413
f 415/415/415 417/417/417 418/418/418
f 418/418/418 416/416/416 415/415/415
f 417/417/417 419/419/419 420/420/420
f 420/420/420 418/418/418 417/417/417
f 419/419/419 421/421/421 422/422/422
f 422/422/422 420/420/420 419/419/419
f 421/421/421 423/423/423 424/424/424
f 424/424/424 422/422/422 421/421/421
f 423/423/423 425/425/425 426/426/426
f 426/426/426 424/424/424 423/423/423
f 425/425/425 427/427/427 428/428/428
f 428/428/428 426/426/426 425/425/425
f 427/427/427 429/429/429 430/430/430
f 430/430/430 428/428/428 427/427/427
f 429/429/429 431/431/431 432/432/432
f 432/432/432 430/430/430 429/429/429
f 431/431/431 433/433/433 434/434/434
f 434/434/434 432/432/432 431/431/431
f 433/433/433 435/435/435 436/436/436
f 436/436/436 434/434/434 433/433/433
f 435/435/435 437/437/437 438/438/438
f 438/438/438 436/436/436 435/435/435
f 437/437/437 439/439/439 440/440/440
f 440/440/440 438/438/438 437/437/437
f 439/439/439 441/441/441 442/442/442
f 442/442/442 440/440/440 439/439/439
f 441/441/441 443/443/443 444/444/444
f 444/444/444 442/442/442 441/441/441
f 443/443/443 445/445/445 446/446/446
f 446/446/446 444/444/444 443/443/443
f 445/445/445 447/447/447 448/448/448
f 448/448/448 446/446/446 445/445/445
f 447/447/447 353/353/353 356/356/356
f 356/356/356 448/448/448 447/447/447
f 449/449/449 450/450/450 451/451/451
f 451/451/451 452/452/452 449/449/449
f 450/450/450 453/453/453 454/454/454
f 454/454/454 451/451/451 450/450/450
f 453/453/453 455/455/455 456/456/456
f 456/456/456 454/454/454 453/453/453
f 455/455/455 457/457/457 458/458/458
f 458/458/458 456/456/456 455/455/455
f 457/457/457 459/459/459 460/460/460
f 460/460/460 458/458/458 457/457/457
f 459/459/459 461/461/461 462/462/462
f 462/462/462 460/460/460 459/459/459
f 461/461/461 463/463/463 464/464/464
f 464/464/464 462/462/462 461/461/461
f 463/463/463 465/465/465 466/466/466
f 466/466/466 464/464/464 463/463/463
f 465/465/465 467/467/467 468/468/468
f 468/468/468 466/466/466 465/465/465
f 467/467/467 469/469/469 470/470/470
f 470/470/470 468/468/468 467/467/467
f 469/469/469 471/471/471 472/472/472
f 472/472/472 470/470/470 469/469/469
f 471/471/471 473/473/473 474/474/474
f 474/474/474 472/472/472 471/471/471
f 473/473/473 475/475/475 476/476/476
f 476/476/476 474/474/474 473/473/473
f 475/475/475 477/477/477 478/478/478
f 478/478/478 476/476/476 475/475/475
f 477/477/477 479/479/479 480/480/480
f 480/480/480 478/478/478 477/477/477
f 479/479/479 449/449/449 452/452/452
f 452/452/452 480/480/480 479/479/479
f 483/483/483 482/482/482 481/481/481
f 481/481/481 484/484/484 483/483/483
f 486/486/486 485/485/485 482/482/482
f 482/482/482 483/483/483 486/486/486
f 488/488/488 487/487/487 485/485/485
f 485/485/485 486/486/486 488/488/488
f 490/490/490 489/489/489 487/487/487
f 487/487/487 488/488/488 490/490/490
f 492/492/492 491/491/491 489/489/489
f 489/489/489 490/490/490 492/492/492
f 494/494/494 493/493/493 491/491/491
f 491/491/491 492/492/492 494/494/494
f 496/496/496 495/495/495 493/493/493
f 493/493/493 494/494/494 496/496/496
f 498/498/498 497/497/497 495/495/495
f 495/495/495 496/496/496 498/498/498
f 500/500/500 499/499/499 497/497/497
f 497/497/497 498/498/498 500/500/500
f 502/502/502 501/501/501 499/499/499
f 499/499/499 500/500/500 502/502/502
f 504/504/504 503/503/503 501/501/501
f 501/501/501 502/502/502 504/504/504
f 506/506/506 505/505/505 503/503/503
f 503/503/503 504/504/504 506/506/506
f 508/508/508 507/507/507 505/505/505
f 505/505/505 506/506/506 508/508/508
f 510/510/510 509/509/509 507/507/507
f 507/507/507 508/508/508 510/510/510
f 512/512/512 511/511/511 509/509/509
f 509/509/509 510/510/510 512/512/512
f 484/484/484 481/481/481 511/511/511
f 511/511/511 512/512/512 484/484/484
f 513/513/513 514/514/514 515/515/515
f 515/515/515 516/516/516 513/513/513
f 514/514/514 517/517/517 518/518/518
f 518/518/518 515/515/515 514/514/514
f 517/517/517 519/519/519 520/520/520
f 520/520/520 518/518/518 517/517/517
f 519/519/519 521/521/521 522/522/522
f 522/522/522 520/520/520 519/519/519
f 521/521/521 523/523/523 524/524/524
f 524/524/524 522/522/522 521/521/521
f 523/523/523 525/525/525 526/526/526
f 526/526/526 524/524/524 523/523/523
f 525/525/525 527/527/527 528/528/528
f 528/528/528 526/526/526 525/525/525
f 527/527/527 529/529/529 530/530/530
f 530/530/530 528/528/528 527/527/527
f 529/529/529 531/531/531 532/532/532
f 532/532/532 530/530/530 529/529/529
f 531/531/531 533/533/533 534/534/534
f 534/534/534 532/532/532 531/531/531
f 533/533/533 535/535/535 536/536/536
f 536/536/536 534/534/534 533/533/533
f 535/535/535 537/537/537 538/538/538
f 538/538/538 536/536/536 535/535/535
f 537/537/537 539/539/539 540/540/540
f 540/540/540 538/538/538 537/537/537
f 539/539/539 541/541/541 542/542/542
f 542/542/542 540/540/540 539/539/539
f 541/541/541 543/543/543 544/544/544
f 544/544/544 542/542/542 541/541/541
f 543/543/543 545/545/545 546/546/546
f 546/546/546 544/544/544 543/543/543
f 545/545/545 547/547/547 548/548/548
f 548/548/548 546/546/546 545/545/545
f 547/547/547 549/549/549 550/550/550
f 550/550/550 548/548/548 547/547/547
f 549/549/549 551/551/551 552/552/552
f 552/552/552 550/550/550 549/549/549
f 551/551/551 553/553/553 554/554/554
f 554/554/554 552/552/552 551/551/551
f 553/553/553 555/555/555 556/556/556
f 556/556/556 554/554/554 553/553/553
f 555/555/555 557/557/557 558/558/558
f 558/558/558 556/556/556 555/555/555
f 557/557/557 559/559/559 560/560/560
f 560/560/560 558/558/558 557/557/557
f 559/559/559 561/561/561 562/562/562
f 562/562/562 560/560/560 559/559/559
f 561/561/561 563/563/563 564/564/564
f 564/564/564 562/562/562 561/561/561
f 563/563/563 565/565/565 566/566/566
f 566/566/566 564/564/564 563/563/563
f 565/565/565 567/567/567 568/568/568
f 568/568/568 566/566/566 565/565/565
f 567/567/567 569/569/569 570/570/570
f 570/570/570 568/568/568 567/567/567
f 569/569/569 571/571/571 572/572/572
f 572/572/572 570/570/570 569/569/569
f 571/571/571 573/573/573 574/574/574
f 574/574/574 572/572/572 571/571/571
f 573/573/573 575/575/575 576/576/576
f 576/576/576 574/574/574 573/573/573
f 575/575/575 577/577/577 578/578/578
f 578/578/578 576/576/576 575/575/575
f 577/577/577 579/579/579 580/580/580
f 580/580/580 578/578/578 577/577/577
f 579/579/579 581/581/581 582/582/582
f 582/582/582 580/580/580 579/579/579
f 581/581/581 583/583/583 584/584/584
f 584/584/584 582/582/582 581/581/581
f 583/583/583 585/585/585 586/586/586
f 586/586/586 584/584/584 583/583/583
f 585/585/585 587/587/587 588/588/588
f 588/588/588 586/586/586 585/585/585
f 587/587/587 589/589/589 590/590/590
f 590/590/590 588/588/588 587/587/587
f 589/589/589 591/591/591 592/592/592
f 592/592/592 590/590/590 589/589/589
f 591/591/591 593/593/593 594/594/594
f 594/594/594 592/592/592 591/591/591
f 593/593/593 595/595/595 596/596/596
f 596/596/596 594/594/594 593/593/593
f 595/595/595 597/597/597 598/598/598
f 598/598/598 596/596/596 595/595/595
f 597/597/597 599/599/599 600/600/600
f 600/600/600 598/598/598 597/597/597
f 599/599/599 601/601/601 602/602/602
f 602/602/602 600/600/600 599/599/599
f 601/601/601 603/603/603 604/604/604
f 604/604/604 602/602/602 601/601/601
f 603/603/603 605/605/605 606/606/606
f 606/606/606 604/604/604 603/603/603
f 605/605/605 607/607/607 608/608/608
f 608/608/608 606/606/606 605/605/605
f 607/607/607 513/513/513 516/516/516
f 516/516/516 608/608/608 607/607/607
f 611/611/611 610/610/610 609/609/609
f 609/609/609 612/612/612 611/611/611
f 613/613/613 611/611/611 612/612/612
f 612/612/612 614/614/614 613/613/613
f 615/615/615 613/613/613 614/614/614
f 614/614/614 616/616/616 615/615/615
f 617/617/617 615/615/615 616/616/616
f 616/616/616 618/618/618 617/617/617
f 619/619/619 617/617/617 618/618/618
f 618/618/618 620/620/620 619/619/619
f 621/621/621 619/619/619 620/620/620
f 620/620/620 622/622/622 621/621/621
f 623/623/623 621/621/621 622/622/622
f 622/622/622 624/624/624 623/623/623
f 625/625/625 623/623/623 624/624/624
f 624/624/624 626/626/626 625/625/625
f 627/627/627 625/625/625 626/626/626
f 626/626/626 628/628/628 627/627/627
f 629/629/629 627/627/627 628/628/628
f 628/628/628 630/630/630 629/629/629
f 631/631/631 629/629/629 630/630/630
f 630/630/630 632/632/632 631/631/631
f 633/633/633 631/631/631 632/632/632
f 632/632/632 634/634/634 633/633/633
f 635/635/635 633/633/633 634/634/634
f 634/634/634 636/636/636 635/635/635
f 637/637/637 635/635/635 636/636/636
f 636/636/636 638/638/638 637/637/637
f 639/639/639 637/637/637 638/638/638
f 638/638/638 640/640/640 639/639/639
f 610/610/610 639/639/639 640/640/640
f 640/640/640 609/609/609 610/610/610
f 641/641/641 636/636/636 634/634/634
f 634/634/634 642/642/642 641/641/641
f 643/643/643 638/638/638 636/636/636
f 636/636/636 641/641/641 643/643/643
f 644/644/644 640/640/640 638/638/638
f 638/638/638 643/643/643 644/644/644
f 645/645/645 609/609/609 640/640/640
f 640/640/640 644/644/644 645/645/645
f 646/646/646 612/612/612 609/609/609
f 609/609/609 645/645/645 646/646/646
f 647/647/647 614/614/614 612/612/612
f 612/612/612 646/646/646 647/647/647
f 648/648/648 616/616/616 614/614/614
f 614/614/614 647/647/647 648/648/648
f 649/649/649 618/618/618 616/616/616
f 616/616/616 648/648/648 649/649/649
f 650/650/650 620/620/620 618/618/618
f 618/618/618 649/649/649 650/650/650
f 651/651/651 622/622/622 620/620/620
f 620/620/620 650/650/650 651/651/651
f 652/652/652 624/624/624 622/622/622
f 622/622/622 651/651/651 652/652/652
f 653/653/653 626/626/626 624/624/624
f 624/624/624 652/652/652 653/653/653
f 654/654/654 628/628/628 626/626/626
f 626/626/626 653/653/653 654/654/654
f 655/655/655 630/630/630 628/628/628
f 628/628/628 654/654/654 655/655/655
f 656/656/656 632/632/632 630/630/630
f 630/630/630 655/655/655 656/656/656
f 642/642/642 634/634/634 632/632/632
f 632/632/632 656/656/656 642/642/642
f 659/659/659 658/658/658 657/657/657
f 657/657/657 660/660/660 659/659/659
f 661/661/661 659/659/659 660/660/660
f 660/660/660 662/662/662 661/661/661
f 663/663/663 661/661/661 662/662/662
f 662/662/662 664/664/664 663/663/663
f 665/665/665 663/663/663 664/664/664
f 664/664/664 666/666/666 665/665/665
f 667/667/667 665/665/665 666/666/666
f 666/666/666 668/668/668 667/667/667
f 669/669/669 667/667/667 668/668/668
f 668/668/668 670/670/670 669/669/669
f 671/671/671 669/669/669 670/670/670
f 670/670/670 672/672/672 671/671/671
f 673/673/673 671/671/671 672/672/672
f 672/672/672 674/674/674 673/673/673
f 675/675/675 673/673/673 674/674/674
f 674/674/674 676/676/676 675/675/675
f 677/677/677 675/675/675 676/676/676
f 676/676/676 678/678/678 677/677/677
f 679/679/679 677/677/677 678/678/678
f 678/678/678 680/680/680 679/679/679
f 681/681/681 679/679/679 680/680/680
f 680/680/680 682/682/682 681/681/681
f 683/683/683 681/681/681 682/682/682
f 682/682/682 684/684/684 683/683/683
f 685/685/685 683/683/683 684/684/684
f 684/684/684 686/686/686 685/685/685
f 687/687/687 685/685/685 686/686/686
f 686/686/686 688/688/688 687/687/687
f 658/658/658 687/687/687 688/688/688
f 688/688/688 657/657/657 658/658/658
f 659/659/659 690/690/690 689/689/689
f 689/689/689 658/658/658 659/659/659
f 661/661/661 691/691/691 690/690/690
f 690/690/690 659/659/659 661/661/661
f 663/663/663 692/692/692 691/691/691
f 691/691/691 661/661/661 663/663/663
f 665/665/665 693/693/693 692/692/692
f 692/692/692 663/663/663 665/665/665
f 667/667/667 694/694/694 693/693/693
f 693/693/693 665/665/665 667/667/667
f 669/669/669 695/695/695 694/694/694
f 694/694/694 667/667/667 669/669/669
f 671/671/671 696/696/696 695/695/695
f 695/695/695 669/669/669 671/671/671
f 673/673/673 697/697/697 696/696/696
f 696/696/696 671/671/671 673/673/673
f 675/675/675 698/698/698 697/697/697
f 697/697/697 673/673/673 675/675/675
f 677/677/677 699/699/699 698/698/698
f 698/698/698 675/675/675 677/677/677
f 679/679/679 700/700/700 699/699/699
f 699/699/699 677/677/677 679/679/679
f 681/681/681 701/701/701 700/700/700
f 700/700/700 679/679/679 681/681/681
f 683/683/683 702/702/702 701/701/701
f 701/701/701 681/681/681 683/683/683
f 685/685/685 703/703/703 702/702/702
f 702/702/702 683/683/683 685/685/685
f 687/687/687 704/704/704 703/703/703
f 703/703/703 685/685/685 687/687/687
f 658/658/658 689/689/689 704/704/704
f 704/704/704 687/687/687 658/658/658
f 705/705/705 689/689/689 690/690/690
f 690/690/690 706/706/706 705/705/705
f 706/706/706 690/690/690 691/691/691
f 691/691/691 707/707/707 706/706/706
f 707/707/707 691/691/691 692/692/692
f 692/692/692 708/708/708 707/707/707
f 708/708/708 692/692/692 693/693/693
f 693/693/693 709/709/709 708/708/708
f 709/709/709 693/693/693 694/694/694
f 694/694/694 710/710/710 709/709/709
f 710/710/710 694/694/694 695/695/695
f 695/695/695 711/711/711 710/710/710
f 711/711/711 695/695/695 696/696/696
f 696/696/696 712/712/712 711/711/711
f 712/712/712 696/696/696 697/697/697
f 697/697/697 713/713/713 712/712/712
f 713/713/713 697/697/697 698/698/698
f 698/698/698 714/714/714 713/713/713
f 714/714/714 698/698/698 699/699/699
f 699/699/699 715/715/715 714/714/714
f 715/715/715 699/699/699 700/700/700
f 700/700/700 716/716/716 715/715/715
f 716/716/716 700/700/700 701/701/701
f 701/701/701 717/717/717 716/716/716
f 717/717/717 701/701/701 702/702/702
f 702/702/702 718/718/718 717/717/717
f 718/718/718 702/702/702 703/703/703
f 703/703/703 719/719/719 718/718/718
f 719/719/719 703/703/703 704/704/704
f 704/704/704 720/720/720 719/719/719
f 720/720/720 704/704/704 689/689/689
f 689/689/689 705/705/705 720/720/720
f 723/723/723 722/722/722 721/721/721
f 721/721/721 724/724/724 723/723/723
f 725/725/725 723/723/723 724/724/724
f 724/724/724 726/726/726 725/725/725
f 727/727/727 725/725/725 726/726/726
f 726/726/726 728/728/728 727/727/727
f 729/729/729 727/727/727 728/728/728
f 728/728/728 730/730/730 729/729/729
f 731/731/731 729/729/729 730/730/730
f 730/730/730 732/732/732 731/731/731
f 733/733/733 731/731/731 732/732/732
f 732/732/732 734/734/734 733/733/733
f 735/735/735 733/733/733 734/734/734
f 734/734/734 736/736/736 735/735/735
f 737/737/737 735/735/735 736/736/736
f 736/736/736 738/738/738 737/737/737
f 739/739/739 737/737/737 738/738/738
f 738/738/738 740/740/740 739/739/739
f 741/741/741 739/739/739 740/740/740
f 740/740/740 742/742/742 741/741/741
f 743/743/743 741/741/741 742/742/742
f 742/742/742 744/744/744 743/743/743
f 745/745/745 743/743/743 744/744/744
f 744/744/744 746/746/746 745/745/745
f 747/747/747 745/745/745 746/746/746
f 746/746/746 748/748/748 747/747/747
f 749/749/749 747/747/747 748/748/748
f 748/748/748 750/750/750 749/749/749
f 751/751/751 749/749/749 750/750/750
f 750/750/750 752/752/752 751/751/751
f 722/722/722 751/751/751 752/752/752
f 752/752/752 721/721/721 722/722/722
f 753/753/753 748/748/748 746/746/746
f 746/746/746 754/754/754 753/753/753
f 755/755/755 750/750/750 748/748/748
f 748/748/748 753/753/753 755/755/755
f 756/756/756 752/752/752 750/750/750
f 750/750/750 755/755/755 756/756/756
f 757/757/757 721/721/721 752/752/752
f 752/752/752 756/756/756 757/757/757
f 758/758/758 724/724/724 721/721/721
f 721/721/721 757/757/757 758/758/758
f 759/759/759 726/726/726 724/724/724
f 724/724/724 758/758/758 759/759/759
f 760/760/760 728/728/728 726/726/726
f 726/726/726 759/759/759 760/760/760
f 761/761/761 730/730/730 728/728/728
f 728/728/728 760/760/760 761/761/761
f 762/762/762 732/732/732 730/730/730
f 730/730/730 761/761/761 762/762/762
f 763/763/763 734/734/734 732/732/732
f 732/732/732 762/762/762 763/763/763
f 764/764/764 736/736/736 734/734/734
f 734/734/734 763/763/763 764/764/764
f 765/765/765 738/738/738 736/736/736
f 736/736/736 764/764/764 765/765/765
f 766/766/766 740/740/740 738/738/738
f 738/738/738 765/765/765 766/766/766
f 767/767/767 742/742/742 740/740/740
f 740/740/740 766/766/766 767/767/767
f 768/768/768 744/744/744 742/742/742
f 742/742/742 767/767/767 768/768/768
f 754/754/754 746/746/746 744/744/744
f 744/744/744 768/768/768 754/754/754
f 771/771/771 770/770/770 769/769/769
f 769/769/769 772/772/772 771/771/771
f 774/774/774 773/773/773 770/770/770
f 770/770/770 771/771/771 774/774/774
f 776/776/776 775/775/775 773/773/773
f 773/773/773 774/774/774 776/776/776
f 778/778/778 777/777/777 775/775/775
f 775/775/775 776/776/776 778/778/778
f 780/780/780 779/779/779 777/777/777
f 777/777/777 778/778/778 780/780/780
f 782/782/782 781/781/781 779/779/779
f 779/779/779 780/780/780 782/782/782
f 784/784/784 783/783/783 781/781/781
f 781/781/781 782/782/782 784/784/784
f 786/786/786 785/785/785 783/783/783
f 783/783/783 784/784/784 786/786/786
f 788/788/788 787/787/787 785/785/785
f 785/785/785 786/786/786 788/788/788
f 790/790/790 789/789/789 787/787/787
f 787/787/787 788/788/788 790/790/790
f 792/792/792 791/791/791 789/789/789
f 789/789/789 790/790/790 792/792/792
f 794/794/794 793/793/793 791/791/791
f 791/791/791 792/792/792 794/794/794
f 796/796/796 795/795/795 793/793/793
f 793/793/793 794/794/794 796/796/796
f 798/798/798 797/797/797 795/795/795
f 795/795/795 796/796/796 798/798/798
f 800/800/800 799/799/799 797/797/797
f 797/797/797 798/798/798 800/800/800
f 772/772/772 769/769/769 799/799/799
f 799/799/799 800/800/800 772/772/772
f 801/801/801 802/802/802 803/803/803
f 803/803/803 804/804/804 801/801/801
f 802/802/802 805/805/805 806/806/806
f 806/806/806 803/803/803 802/802/802
f 805/805/805 807/807/807 808/808/808
f 808/808/808 806/806/806 805/805/805
f 807/807/807 809/809/809 810/810/810
f 810/810/810 808/808/808 807/807/807
f 809/809/809 811/811/811 812/812/812
f 812/812/812 810/810/810 809/809/809
f 811/811/811 813/813/813 814/814/814
f 814/814/814 812/812/812 811/811/811
f 813/813/813 815/815/815 816/816/816
f 816/816/816 814/814/814 813/813/813
f 815/815/815 817/817/817 818/818/818
f 818/818/818 816/816/816 815/815/815
f 817/817/817 819/819/819 820/820/820
f 820/820/820 818/818/818 817/817/817
f 819/819/819 821/821/821 822/822/822
f 822/822/822 820/820/820 819/819/819
f 821/821/821 823/823/823 824/824/824
f 824/824/824 822/822/822 821/821/821
f 823/823/823 825/825/825 826/826/826
f 826/826/826 824/824/824 823/823/823
f 825/825/825 827/827/827 828/828/828
f 828/828/828 826/826/826 825/825/825
f 827/827/827 829/829/829 830/830/830
f 830/830/830 828/828/828 827/827/827
f 829/829/829 831/831/831 832/832/832
f 832/832/832 830/830/830 829/829/829
f 831/831/831 801/801/801 804/804/804
f 804/804/804 832/832/832 831/831/831
f 835/835/835 834/834/834 833/833/833
f 833/833/833 836/836/836 835/835/835
f 838/838/838 837/837/837 834/834/834
f 834/834/834 835/835/835 838/838/838
f 840/840/840 839/839/839 837/837/837
f 837/837/837 838/838/838 840/840/840
f 842/842/842 841/841/841 839/839/839
f 839/839/839 840/840/840 842/842/842
f 844/844/844 843/843/843 841/841/841
f 841/841/841 842/842/842 844/844/844
f 846/846/846 845/845/845 843/843/843
f 843/843/843 844/844/844 846/846/846
f 848/848/848 847/847/847 845/845/845
f 845/845/845 846/846/846 848/848/848
f 850/850/850 849/849/849 847/847/847
f 847/847/847 848/848/848 850/850/850
f 852/852/852 851/851/851 849/849/849
f 849/849/849 850/850/850 852/852/852
f 854/854/854 853/853/853 851/851/851
f 851/851/851 852/852/852 854/854/854
f 856/856/856 855/855/855 853/853/853
f 853/853/853 854/854/854 856/856/856
f 858/858/858 857/857/857 855/855/855
f 855/855/855 856/856/856 858/858/858
f 860/860/860 859/859/859 857/857/857
f 857/857/857 858/858/858 860/860/860
f 862/862/862 861/861/861 859/859/859
f 859/859/859 860/860/860 862/862/862
f 864/864/864 863/863/863 861/861/861
f 861/861/861 862/862/862 864/864/864
f 866/866/866 865/865/865 863/863/863
f 863/863/863 864/864/864 866/866/866
f 868/868/868 867/867/867 865/865/865
f 865/865/865 866/866/866 868/868/868
f 870/870/870 869/869/869 867/867/867
f 867/867/867 868/868/868 870/870/870
f 872/872/872 871/871/871 869/869/869
f 869/869/869 870/870/870 872/872/872
f 874/874/874 873/873/873 871/871/871
f 871/871/871 872/872/872 874/874/874
f 876/876/876 875/875/875 873/873/873
f 873/873/873 874/874/874 876/876/876
f 878/878/878 877/877/877 875/875/875
f 875/875/875 876/876/876 878/878/878
f 880/880/880 879/879/879 877/877/877
f 877/877/877 878/878/878 880/880/880
f 882/882/882 881/881/881 879/879/879
f 879/879/879 880/880/880 882/882/882
f 884/884/884 883/883/883 881/881/881
f 881/881/881 882/882/882 884/884/884
f 886/886/886 885/885/885 883/883/883
f 883/883/883 884/884/884 886/886/886
f 888/888/888 887/887/887 885/885/885
f 885/885/885 886/886/886 888/888/888
f 890/890/890 889/889/889 887/887/887
f 887/887/887 888/888/888 890/890/890
f 892/892/892 891/891/891 889/889/889
f 889/889/889 890/890/890 892/892/892
f 894/894/894 893/893/893 891/891/891
f 891/891/891 892/892/892 894/894/894
f 896/896/896 895/895/895 893/893/893
f 893/893/893 894/894/894 896/896/896
f 898/898/898 897/897/897 895/895/895
f 895/895/895 896/896/896 898/898/898
f 900/900/900 899/899/899 897/897/897
f 897/897/897 898/898/898 900/900/900
f 902/902/902 901/901/901 899/899/899
f 899/899/899 900/900/900 902/902/902
f 904/904/904 903/903/903 901/901/901
f 901/901/901 902/902/902 904/904/904
f 906/906/906 905/905/905 903/903/903
f 903/903/903 904/904/904 906/906/906
f 908/908/908 907/907/907 905/905/905
f 905/905/905 906/906/906 908/908/908
f 910/910/910 909/909/909 907/907/907
f 907/907/907 908/908/908 910/910/910
f 912/912/912 911/911/911 909/909/909
f 909/909/909 910/910/910 912/912/912
f 914/914/914 913/913/913 911/911/911
f 911/911/911 912/912/912 914/914/914
f 916/916/916 915/915/915 913/913/913
f 913/913/913 914/914/914 916/916/916
f 918/918/918 917/917/917 915/915/915
f 915/915/915 916/916/916 918/918/918
f 920/920/920 919/919/919 917/917/917
f 917/917/917 918/918/918 920/920/920
f 922/922/922 921/921/921 919/919/919
f 919/919/919 920/920/920 922/922/922
f 924/924/924 923/923/923 921/921/921
f 921/921/921 922/922/922 924/924/924
f 926/926/926 925/925/925 923/923/923
f 923/923/923 924/924/924 926/926/926
f 928/928/928 927/927/927 925/925/925
f 925/925/925 926/926/926 928/928/928
f 836/836/836 833/833/833 927/927/927
f 927/927/927 928/928/928 836/836/836
f 931/931/931 930/930/930 929/929/929
f 929/929/929 932/932/932 931/931/931
f 935/935/935 934/934/934 933/933/933
f 933/933/933 936/936/936 935/935/935
f 939/939/939 938/938/938 937/937/937
f 937/937/937 940/940/940 939/939/939
f 940/940/940 937/937/937 941/941/941
f 941/941/941 942/942/942 940/940/940
f 942/942/942 941/941/941 943/943/943
f 943/943/943 944/944/944 942/942/942
f 944/944/944 943/943/943 945/945/945
f 945/945/945 946/946/946 944/944/944
f 946/946/946 945/945/945 947/947/947
f 947/947/947 948/948/948 946/946/946
f 949/949/949 950/950/950 951/951/951
f 951/951/951 952/952/952 949/949/949
f 953/953/953 949/949/949 952/952/952
f 952/952/952 954/954/954 953/953/953
f 955/955/955 953/953/953 954/954/954
f 954/954/954 956/956/956 955/955/955
f 957/957/957 955/955/955 956/956/956
f 956/956/956 958/958/958 957/957/957
f 959/959/959 957/957/957 958/958/958
f 958/958/958 960/960/960 959/959/959
f 963/963/963 962/962/962 961/961/961
f 961/961/961 964/964/964 963/963/963
f 966/966/966 965/965/965 962/962/962
f 962/962/962 963/963/963 966/966/966
f 968/968/968 967/967/967 965/965/965
f 965/965/965 966/966/966 968/968/968
f 970/970/970 969/969/969 967/967/967
f 967/967/967 968/968/968 970/970/970
f 972/972/972 971/971/971 969/969/969
f 969/969/969 970/970/970 972/972/972
f 975/975/975 974/974/974 973/973/973
f 973/973/973 976/976/976 975/975/975
f 979/979/979 978/978/978 977/977/977
f 977/977/977 980/980/980 979/979/979
f 983/983/983 982/982/982 981/981/981
f 981/981/981 984/984/984 983/983/983
f 985/985/985 983/983/983 984/984/984
f 984/984/984 986/986/986 985/985/985
f 987/987/987 985/985/985 986/986/986
f 986/986/986 988/988/988 987/987/987
f 989/989/989 987/987/987 988/988/988
f 988/988/988 990/990/990 989/989/989
f 991/991/991 989/989/989 990/990/990
f 990/990/990 992/992/992 991/991/991
f 993/993/993 991/991/991 992/992/992
f 992/992/992 994/994/994 993/993/993
f 995/995/995 996/996/996 997/997/997
f 997/997/997 998/998/998 995/995/995
f 998/998/998 997/997/997 999/999/999
f 999/999/999 1000/1000/1000 998/998/998
f 1000/1000/1000 999/999/999 1001/1001/1001
f 1001/1001/1001 1002/1002/1002 1000/1000/1000
f 1002/1002/1002 1001/1001/1001 1003/1003/1003
f 1003/1003/1003 1004/1004/1004 1002/1002/1002
f 1004/1004/1004 1003/1003/1003 1005/1005/1005
f 1005/1005/1005 1006/1006/1006 1004/1004/1004
f 1006/1006/1006 1005/1005/1005 1007/1007/1007
f 1007/1007/1007 1008/1008/1008 1006/1006/1006
f 1011/1011/1011 1010/1010/1010 1009/1009/1009
f 1009/1009/1009 1012/1012/1012 1011/1011/1011
f 1014/1014/1014 1013/1013/1013 1010/1010/1010
f 1010/1010/1010 1011/1011/1011 1014/1014/1014
f 1016/1016/1016 1015/1015/1015 1013/1013/1013
f 1013/1013/1013 1014/1014/1014 1016/1016/1016
f 1018/1018/1018 1017/1017/1017 1015/1015/1015
f 1015/1015/1015 1016/1016/1016 1018/1018/1018
f 1020/1020/1020 1019/1019/1019 1017/1017/1017
f 1017/1017/1017 1018/1018/1018 1020/1020/1020
f 1022/1022/1022 1021/1021/1021 1019/1019/1019
f 1019/1019/1019 1020/1020/1020 1022/1022/1022
